sr_no,drug_code,generic_name,unit_size,mrp
1,1,Aceclofenac 100mg and Paracetamol 325mg Tablets,10's,9.38
2,2,Aceclofenac Tablets IP 100 mg,10's,7.5
3,3,Pregabalin Capsules IP 75 mg,10's,20.63
4,5,Aspirin Gastro- resistant Tablets IP 150 mg,14's,4.69
5,6,"Chlorzoxazone 500mg, Diclofenac 50mg and Paracetamol 325mg Tablets",10's,23.44
6,7,Diclofenac Gel IP 1.16%w/w (Diclofenac Diethylamine),15 g,11.25
7,8,Serratiopeptidase 10mg and Diclofenac Sodium 50mg Tablets,10's,14.44
8,9,Diclofenac Sodium Prolonged Release Tablets IP 100 mg,10's,11.35
9,10,Diclofenac Sodium Injection IP 25mg per ml,3 ml,3.75
10,11,Diclofenac Gastro- Resistant Tablets IP 50 mg,10's,5.16
11,12,Etoricoxib Tablets IP 120 mg,10's,35.63
12,13,Etoricoxib Tablets IP 90 mg,10's,29.07
13,14,Ibuprofen 400mg and Paracetamol 325mg Tablets IP,10's,7.5
14,15,Ibuprofen Tablets IP 200 mg,10's,2.82
15,16,Ibuprofen Tablets IP 400 mg,15's,8.25
16,17,Indomethacin Capsules IP 25 mg,10's,12.19
17,18,Azithromycin Tablets IP 250 mg,6's,42.19
18,19,Nimesulide 100mg and Paracetamol 325mg Tablets,10's,10.32
19,20,Nimesulide Tablets 100 mg,10's,6.19
20,21,Diclofenac Sodium 50mg and Paracetamol 325mg Tablets IP,10's,9.29
21,22,Paracetamol Paediatric Oral Suspension IP 125 mg per 5 ml,60 ml,10.32
22,23,Paracetamol Tablets IP 500 mg,10's,6.57
23,24,Pentazocine Injection IP 30 mg per ml,1 ml,14.07
24,25,Serratiopeptidase Tablets IP 10 mg,10's,11.35
25,26,Tramadol Hydrochloride Injection 100 mg per 2 ml,2 ml,7.5
26,27,Tramadol HCl Injection 50mg 1 ml,1 ml,4.69
27,28,Tramadol Tablets 50mg,10's,7.5
28,29,Aciclovir Tablets IP 400 mg,10's,41.25
29,30,Amikacin Injection IP 100 mg per 2 ml,2 ml Vial,12.0
30,31,Amikacin Injection IP 250 mg per 2 ml,2 ml Vial,20.0
31,32,Amikacin Injection IP 500 mg per 2 ml Metformin,2 ml Vial,27.19
32,34,Hydrochloride Prolonged-release 500mg and Glimepiride 2mg Tablets IP,15's,24.75
33,35,Amoxycillin 1g and Potassium Clavulanate 200mg Injection IP,Vial & Wfi,54.38
34,36,Amoxycillin 200mg and Potassium Clavulanate 28.5mg Oral Suspension IP per 5ml,30 ml,25.32
35,37,Amoxycillin 250mg and Potassium Clavulanate 50mg Injection IP,Vial & Wfi,26.25
36,38,Amoxycillin 500mg and Potassium Clavulanate 100mg Injection IP,Vial & Wfi,37.5
37,39,Amoxycillin 500mg and Potassium Clavulanate 125mg Tablets IP,6's,52.6
38,40,Amoxycillin 250mg and Cloxacillin 250mg Capsules,10's,29.91
39,42,Amoxycillin Trihydrate Dispersible Tablets IP 125 mg,10's,11.25
40,43,Amoxycillin Oral Suspension IP 125mg per 5ml,60 ml,17.82
41,44,Amoxycillin Capsules IP 250mg,10's,12.38
42,45,Amoxycillin Capsules IP 500mg,10's,32.82
43,46,Ampicillin Injection IP 500 mg,Vial,7.22
44,47,Azithromycin Oral Suspension IP 100mg per 5ml,15 ml,14.07
45,48,Azithromycin Dispersible Tablets 100mg,10's,25.32
46,51,Cefadroxil Dispersible Tablets 250mg,10's,17.54
47,52,Cefadroxil Tablets IP 500 mg,10's,22.69
48,53,Cefixime Oral Suspension IP 50mg per 5ml,30 ml,18.75
49,54,Cefixime Tablets IP 100 mg,10's,26.25
50,55,Cefixime Tablets IP 200 mg,10's,49.69
51,56,Cefoperazone 1g and Sulbactam 1g Injection,Vial & Wfi,82.5
52,57,Cefoperazone 500mg and Sulbactam 500mg Injection,Vial & Wfi,46.88
53,58,Cefoperazone Injection IP 1 g,Vial & Wfi,43.13
54,59,Cefotaxime Sodium 1g and Sulbactam Sodium 500mg Injection,Vial & Wfi,26.25
55,60,Cefotaxime Sodium 250mg and Sulbactam Sodium 125mg Injection,Vial & Wfi,11.35
56,61,Cefotaxime Sodium 500mg and Sulbactam Sodium 250mg Injection,Vial & Wfi,17.82
57,62,Cefotaxime Sodium Injection IP 1g,Vial & Wfi,17.82
58,63,Cefotaxime Sodium Injection IP 250 mg,Vial & Wfi,9.38
59,64,Cefotaxime Sodium Injection IP 500 mg,Vial & Wfi,11.25
60,65,Cefpodoxime Proxetil Dispersible Tablets 100 mg,10's,37.5
61,66,Cefpodoxime Tablets IP 200 mg,10's,65.63
62,67,Ceftazidime Injection IP 1g,Vial & Wfi,75.0
63,68,Ceftazidime Injection IP 250mg,Vial & Wfi,28.13
64,69,Ceftazidime Injection IP 500mg,Vial & Wfi,46.88
65,70,Ceftriaxone 1g and Sulbactam 500mg Injection,Vial & Wfi,45.0
66,71,Ceftriaxone 1g and Tazobactam 125mg Injection,Vial & Wfi,45.0
67,72,Azithromycin Tablets IP 500 mg,3's,39.38
68,73,Ceftriaxone 250 mg and Sulbactam 125 mg Injection,Vial & Wfi,15.94
69,74,Ceftriaxone 500mg and Sulbactam 250mg Injection,Vial & Wfi,32.82
70,75,Ceftriaxone Injection IP 1 g,Vial & Wfi,26.25
71,76,Ceftriaxone Injection IP 250 mg,Vial & Wfi,12.19
72,77,Ceftriaxone injection IP 500 mg,Vial & Wfi,22.5
73,78,Cefuroxime Axetil Tablets IP 250 mg,10's,70.32
74,79,Cefuroxime Axetil Tablets IP 500 mg,10's,133.13
75,80,Cephalexin Tablets IP 125mg (Dispersible),10's,19.69
76,81,Cephalexin Capsules IP 250mg,10's,30.94
77,82,Cephalexin Capsules IP 500mg,10's,46.88
78,83,Ciprofloxacin 250mg and Tinidazole 300mg Tablets,10's,26.25
79,84,Ciprofloxacin 500mg and Tinidazole 600mg Tablets,10's,36.57
80,85,Ciprofloxacin Hydrochloride Tablets IP 250 mg,10's,10.32
81,86,Ciprofloxacin Hydrochloride Tablets IP 500 mg,10's,18.75
82,87,Clotrimazole Cream 15 IP 1% w/w Co-trimoxazole,g tubes,14.44
83,88,(Sulphamethoxazole 200mg and Trimethoprim 40mg per 5ml) Oral Suspension IP,50 ml,14.07
84,89,Co-trimoxazole (Sulphamethoxazole 800mg and Trimethoprim 160mg) Tablets IP,10's,11.35
85,90,Co-trimoxazole (Sulphamethoxazole 100mg and Trimethoprim 20mg),10's,2.07
86,92,Tablets IP Doxycycline Capsules IP 100mg,10's,14.44
87,93,Erythromycin Stearate Tablets IP 250mg,10's,19.6
88,94,Gentamicin Sulphate Injection IP 80 mg per 2ml,2 ml,5.1
89,95,Levofloxacin Tablets IP 250mg,10's,16.88
90,96,Levofloxacin Tablets IP 500mg,10's,30.94
91,97,Meropenem Injection IP 1 g,Vial & Wfi,221.25
92,98,Norfloxacin 400mg and Tinidazole 600mg Tablets,10's,37.5
93,99,Norfloxacin Tablets IP 400 mg,10's,19.69
94,100,Ofloxacin 200mg and Ornidazole 500mg Tablets IP,10's,25.79
95,101,Ofloxacin Tablets IP 200mg,10's,13.13
96,102,Ofloxacin Tablets IP 400mg,10's,32.82
97,103,Piperacillin 4000mg and Tazobactum 500mg Injection IP,Vial & Wfi,114.38
98,105,Roxithromycin Tablets IP 150 mg,10's,26.25
99,106,Roxithromycin Tablets IP 300 mg,10's,46.88
100,107,Tinidazole Tablets IP 300 mg,10's,12.19
101,108,Tinidazole Tablets IP 500 mg,10's,15.0
102,109,Vancomycin Hydrochloride for Intravenous Infusion IP 500 mg,Vial & Wfi,135.0
103,110,Adapalene Gel 15 0.1%w/w Beclomethasone,gm tubes,27.19
104,112,"Dipropionate 0.025%w/w, Clotrimazole 1%w/w 15 and Gentamicin Sulphate 0.1%w/w",g tubes,18.75
105,113,Cream Beclomethasone 0.025%w/w and Neomycin 0.5%w/w,15g tube,10.32
106,115,Cream Calamine Lotion IP,100 ml,26.25
107,117,Chlorhexidine Mouthwash IP 0.2 % w/v,100 ml,21.57
108,118,Clobetasol Propionate Cream 15 IP 0.05 % w/w,gm Tube,14.07
109,120,Fusidic Acid Cream 5 IP 2% w/w,gm Tube,23.44
110,122,Ketoconazole Lotion 100 2% w/v,ml Bottle,51.57
111,124,Povidone Iodine 250 Ointment 5% w/w,gm tubes/Jar,107.82
112,125,Povidone Iodine 15 Ointment 5% w/w,gm tubes,14.44
113,126,Povidone-Iodine Solution IP 10 % w/v,500 ml,135.94
114,127,Povidone-Iodine Solution IP 5 % w/v,100 ml,19.69
115,129,Povidone Iodine Solution 7.5% w/v Silver Sulphadiazine,500 ml,113.44
116,131,"1% w/w, Chlorhexidine Gluconate 0.2% w/w, Allantoin 0.1% w/w, Aloe vera 15% w/w Cream",20 gm,28.13
117,132,"Silver Sulphadiazine 1% w/w, Chlorhexidine Gluconate 0.2% w/w, Allantoin 0.1% w/w, Aloe vera 15%",500 gm,468.75
118,133,w/w Cream Glibenclamide Tablets IP 2.5 mg,10's,2.82
119,134,Glibenclamide Tablets IP 5 mg,10's,5.16
120,135,Gliclazide Tablets IP 40 mg,10's,14.44
121,136,Gliclazide Tablets IP 80 mg,10's,22.5
122,137,Glimepiride Tablets IP 1mg,10's,4.13
123,138,Glimepiride Tablets IP 2mg,10's,5.16
124,141,Glipizide Tablet IP 5 mg,10's,4.69
125,142,Soluble Insulin Injection IP 40 IU per ml (R-DNA Origin),10 ml Vial,78.1
126,143,Insulin Injection IP 40 IU per ml (Insulin Human Soluble 30% and Isophane 70%),10 ml Vial,90.0
127,144,Metformin Hydrochloride Sustained Release Tablets IP 1000 mg,10's,12.38
128,145,Metformin Hydrochloride Tablets IP 500mg,10's,6.19
129,147,Pioglitazone Tablets IP 30mg,10's,12.38
130,150,Pioglitazone 15mg and Metformin 500mg Sustained Release Tablets,10's,25.32
131,152,Bleomycin Injection IP 15IU,Vial,300.0
132,153,Cisplatin Injection IP 10 mg per10ml,Vial,32.82
133,154,Cisplatin Injection 50mg per 50ml,Vial,160.88
134,156,Doxorubicin Injection IP 50mg (2mg per ml),Vial,281.25
135,158,Etoposide Injection IP 100 mg per 5 ml,Vial,92.82
136,159,Gemcitabine Injection IP 1000mg,Vial,783.75
137,160,Gemcitabine Injection IP 200mg,Vial,225.0
138,163,Tamoxifen Citrate Tablets IP 10 mg,10's,10.32
139,164,Tamoxifen Citrate Tablets IP 20 mg,10's,15.0
140,165,Ciprofloxacin Injection IP 200mg,100 ml,11.25
141,170,Mannitol Injection IP 20% w/v,100 ml,26.25
142,171,Mannitol Intravenous Infusion IP 20% w/v,350 ml,46.88
143,172,Metronidazole Infusion IP 500 mg,100 ml,8.25
144,177,Albendazole Oral Suspension IP 200 mg per 5ml,10 ml,7.5
145,178,Albendazole 400mg and Ivermectin 6mg Tablets,1's,6.19
146,180,Bisacodyl Tablets IP 5mg Tricholine Citrate,10's,5.63
147,181,275mg and Cyproheptadine Hydrochloride 2mg,200 ml,35.63
148,183,Syrup per 5ml Dicyclomine Tablets IP 10mg,10's,0.94
149,184,Paracetamol 325mg and Dicyclomine Hydrochloride 20mg Tablets,10's,7.5
150,186,Domperidone Tablets IP 10 mg,10's,4.13
151,187,Domperidone Suspension IP 5mg per 5ml Dried Aluminium,30 ml,12.19
152,188,"Hydroxide 250mg, Magnesium Hydroxide 250mg and Activated Dimethicone 50mg",10's,5.63
153,191,Tablets Famotidine Tablets IP 20 mg,14's,2.82
154,192,Famotidine Tablets IP 40 mg,14's,4.54
155,193,Furazolidone Tablets IP 100 mg,10's,0.94
156,194,Hyoscine Butylbromide Tablets IP 10 mg,10's,16.5
157,196,Lactic Acid Bacillus Tablets 60 Million spores,10's,7.22
158,197,Lactulose Solution IP 10g per 15ml Dried Aluminium,100 ml,57.0
159,198,"Hydroxide 250mg, Magnesium Hydroxide 250mg and Activated Dimethicone 50mg",170 ml,30.0
160,199,per 5ml Suspension Metoclopramide Tablets IP 10 mg,10's,7.5
161,200,Metoclopramide Injection IP 5mg per 2ml ml,Ampoule,2.82
162,201,Metronidazole Tablets IP 200mg,10's,4.13
163,202,Metronidazole Tablets IP 400mg,10's,6.57
164,203,Misoprostol Tablets IP 200 mcg,4's,18.75
165,206,Omeprazole 20mg and Domperidone 10mg Capsules IP,10's,10.32
166,207,Omeprazole Gastro- resistant Capsules IP 20 mg,10's,9.29
167,208,Ondansetron Injection IP 2mg per ml,2 ml,4.13
168,209,Ondansetron Tablets IP 4 mg,10's,6.19
169,210,Ornidazole Tablets IP 500mg,10's,23.44
170,212,Pantoprazole Gastro Resistant Tablets IP 40 mg,10's,11.35
171,213,Pantoprazole Injection 40mg Rabeprazole 20mg,Vial,21.66
172,214,(Enteric Coated) and Domperidone 30mg (Sustained Release) Capsules,10's,16.88
173,215,Rabeprazole Gastro Resistant Tablets IP 20 mg,10's,8.25
174,216,Ranitidine Injection IP 25 mg per ml,2 ml,3.75
175,217,Ranitidine Tablets IP 150 mg,10's,5.63
176,218,Ranitidine Tablets IP 300 mg,10's,12.19
177,220,Calcium 500mg and Vitamin D3 250IU Tablets IP,10's,7.22
178,223,"Pyridoxine Hydrochloride 10mg, Doxylamine 10mg and Folic Acid",30's,32.82
179,224,2.5mg Tablets Folic Acid Tablets IP 5 mg,15's,4.13
180,225,Syrup of Iron and Folic Acid in a flavoured Base,200 ml,33.0
181,227,Polyvitamin Tablets NFI (Prophylactic),10's,6.57
182,230,Vitamin B-Complex fort Zinc Capsule,10's,9.29
183,231,"Vitamin B-Complex Tablets (B1 10mg, B2 10mg, B3 45mg, B5 50mg, B6 3mg,",10's,15.0
184,232,B12 15mcg) Vitamin B-Complex Syrup,200 ml,39.38
185,235,Budesonide Nebuliser Suspension 1mg per 2ml,2 ml,12.38
186,236,Budesonide Inhalation IP 100mcg,200 MDI,115.32
187,238,Budesonide Inhalation IP 200mcg,200 md,150.0
188,239,Cetirizine Syrup IP 5 mg per 5 ml,60 ml,12.19
189,240,Cetrizine Hydrochloride Tablets IP 10mg,10's,5.16
190,245,Etophyllin 77mg and Theophylline 23mg Tablets,10's,4.69
191,246,FexofenadineHydroc hlorideTablets IP 120mg,10's,22.5
192,247,Fexofenadine Tablets IP 180 mg,10's,35.07
193,248,Levocetrizine Tablets IP 5 mg,10's,7.22
194,250,Montelukast Sodium Tablets IP 5mg,10's,14.07
195,251,Montelukast Sodium Tablets IP 10mg,10's,18.57
196,252,Montelukast Sodium 10mg and Levocetirizine 5mg Tablets IP,10's,18.75
197,253,Pheniramine Maleate Tablets IP 25 mg,15's,4.69
198,254,Promethazine Syrup IP 5mg per 5ml,100 ml,13.13
199,255,Salbutamol Inhalation IP 100mcg,200 md,51.57
200,256,Salbutamol Tablets IP 2mg,10's,0.94
201,259,Salbutamol Syrup IP 2mg per 5ml,100 ml,10.32
202,260,Salbutamol Tablets IP 4 mg,10's,1.88
203,261,Adenosine Injection IP 6 mg per 2ml,2 ml,98.44
204,263,Amlodipine 5mg and Atenolol 50mg Tablets IP,10's,6.57
205,264,Amlodipine Tablets IP 5mg,10's,5.16
206,265,Atenolol Tablets IP 50 mg,14's,6.19
207,266,Atorvastatin Tablets IP 10mg,10's,8.25
208,267,Atorvastatin Tablets IP 20mg,10's,11.35
209,268,Clonidine Tablets IP 100 mcg,10's,10.32
210,269,Clopidogrel Tablets IP 75mg,10's,17.54
211,270,Clopidogrel 75mg and Aspirin 75mg Tablets IP,10's,19.69
212,271,Diltiazem Tablets IP 30 mg,10's,11.35
213,272,Diltiazem Tablets IP 60 mg,10's,15.94
214,273,Dobutamine Injection IP 250mg per 20ml (for Intravenous Infusion),Vial,35.63
215,274,Dopamine Hydrochloride Injection IP 200 mg per 5ml,5 ml,15.0
216,275,Enalapril Tablets IP 5 mg,10's,5.16
217,276,Enoxaparin Injection IP 40 mg per 0.4 ml,0.4 ml,187.0
218,277,Enoxaparin Injection IP 60 mg per 0.6 ml,0.6 ml,217.8
219,278,Frusemide Injection IP 10 mg per ml,2 ml,2.82
220,279,Frusemide Tablets IP 40 mg,10's,4.69
221,280,Heparin Sodium Injection IP 5000 IU,5 ml,40.22
222,281,Heparin Sodium Injection IP 25000 IU,5 ml,187.5
223,283,Isosorbide Dinitrate Tablets IP 10mg,50's,19.69
224,285,Amlodipine 5mg and Lisinopril 5mg Tablets IP,15's,15.0
225,286,Lisinopril Tablets IP 5mg,10's,9.38
226,287,Losartan Potassium 50mg and Hydrochlorothiazide 12.5mg Tabelts IP,10's,12.38
227,288,Losartan Tablets IP 25mg,10's,7.22
228,289,Losartan Tablets IP 50mg,10's,11.35
229,290,Metoprolol Tablets IP 25 mg,10's,6.19
230,291,Metoprolol Extended release Tablets IP 50mg,10's,9.29
231,293,Ramipril Tablets IP 2.5 mg,10's,7.22
232,294,Ramipril Tablets IP 5 mg,10's,9.38
233,295,Simvastatin Tablets IP 10mg,10's,10.32
234,296,Simvastatin Tablets IP 20mg,10's,15.0
235,298,Telmisartan 40mg and Hydrochlorothiazide 12.5mg Tablets IP,10's,15.94
236,299,Telmisartan Tablets IP 20mg,10's,10.32
237,300,Telmisartan Tablets IP 40mg,10's,11.25
238,301,Tranexamic Acid Tablets IP 500 mg,10's,74.0
239,302,Tranexamic Acid Injection IP 500 mg (100mg per ml),5 ml Amp.,24.0
240,304,a-ß Arteether 2 Injection 150 mg,ml Ampoule,17.82
241,305,Chloroquine Phosphate Tablets IP 250 mg,10's,5.0
242,311,Disodium Hydrogen Citrate Syrup (Alkalyser) 1.4 gm per 5 ml,100 ml,20.63
243,312,Oral Rehydration Salts IP 20.5g Sachet (WHO Formula),1's,10.0
244,313,Alprazolam Tablets IP 0.25 mg,10's,4.13
245,314,Alprazolam Tablets IP 0.5 mg,10's,7.22
246,316,Betahistine Tablets IP 8 mg,10's,8.25
247,317,Carbamazepine Tablets IP 100 mg,10's,7.5
248,319,Clonazepam Tablets IP 0.5 mg,10's,5.16
249,320,Diazepam Tablets IP 5 mg,10's,5.63
250,321,Escitalopram Tablets IP 10 mg,10's,9.38
251,322,Escitalopram Tablets IP 20 mg,10's,18.75
252,323,Flunarizine Tablets IP 10 mg,10's,7.5
253,324,Flunarizine Tablets IP 5 mg,10's,6.57
254,325,Fluoxetine Hydrochloride Capsules IP 20mg,10's,8.25
255,326,Methyl Ergometrine Tablets IP 0.125 mg,10's,10.32
256,327,Phenytoin Tablets IP 100 mg,100's in Bottle,51.57
257,328,Prochlorperazine Tablets IP 5 mg,10's,5.63
258,329,Prednisolone Tablets IP 5 mg,15's,7.5
259,330,Prednisolone Tablets IP 10 mg,10's,8.44
260,332,Thyroxine Sodium Tablets IP 100 mcg,100's,63.94
261,333,Dexamethasone Tablets IP 0.5 mg,10's,1.88
262,334,Dexamethasone Injection IP 4mg per ml,2 ml,5.63
263,336,Allopurinol Tablets IP 100 mg,10's,10.32
264,337,Clomiphene Citrate Tablets IP 50mg,10's,20.63
265,338,Atropine Sulphate Injection IP 0.6mg per ml,1 ml,2.0
266,341,Carboxymethylcellul ose Sodium Eye Drops IP 0.5% w/v,10 ml,24.75
267,344,Ciprofloxacin Eye Drops IP 0.3% w/v,5 ml,6.57
268,345,Gentamicin Eye Drops IP 0.3% w/v,10 ml,5.63
269,351,Xylometazoline Nasal Drops IP 0.1%w/v,10 ml,12.38
270,352,Bupivacaine Hydrochloride Injection IP 5 mg per ml,20 ml,36.57
271,356,Lignocaine Injection IP 2% w/v,30 ml Vial,15.94
272,357,Lignocaine and Adrenaline Injection IP (2%w/v and 1:80000),30 ml Vial,20.63
273,358,Propofol Injection IP 10 mg per ml,10 ml Vial,36.57
274,359,Tetanus Vaccine IP 0.5,ml Ampoule,6.5
275,360,Mifepristone Tablets IP 200 mg,1's,62.82
276,362,Biphasic Isophane Insulin Injection IP 10 (50:50) 40 IU per ml,ML VIAL,88.0
277,363,Insulin Glargine Injection IP 100 IU Cartridge per ml,3 ml,340.0
278,366,Glipizide 5mg and Metformin Hydrochloride 500mg Tablets,10's,8.44
279,367,Voglibose Tablets IP 0.3 mg,10's,14.44
280,368,Gliclazide Extended release Tablets 60 mg,10's,41.25
281,369,Acarbose Tablets IP 50 mg,10's,58.13
282,371,Voglibose Tablets IP 0.2 mg,10's,11.35
283,372,Metformin Hydrochloride Prolonged release Tablets IP 500 mg,10's,10.32
284,373,Artesunate Injection IP 60 mg,1 vial,21.57
285,375,Quinine Sulphate Tablets IP 300 mg,10's,31.0
286,376,Imipenem 500mg and Cilastatin 500mg Injection IP,Vial & Wfi,309.38
287,377,Clindamycin Capsules IP 300 mg,10's,84.38
288,380,Clarithromycin Tablets IP 500 mg,4's,67.5
289,381,Cefixime 200mg and Ofloxacin 200mg Tablets,10's,47.44
290,382,Linezolid Tablets IP 600 mg,10's,154.69
291,383,Cefpodoxime 200mg and Potassium Clavulanate 125mg Tablets,6's,67.5
292,384,Itraconazole Capsules 100 mg,4's,22.69
293,385,Cefixime 200mg and Potassium Clavulanate 125mg Tablets,10's,120.0
294,386,Diethylcarbamazine Tablets IP 50 mg,30's,9.0
295,387,Terbinafine Tablets IP 250mg,7's,38.44
296,391,Moxifloxacin Tablets 400 mg,5's,61.88
297,392,Griseofulvin Tablets IP 250 mg,10's,15.0
298,393,Aciclovir Dispersible Tablets IP 800 mg Cefuroxime Axetil,5's,41.25
299,395,500mg and Potassium Clavulanate 125mg Tablets IP,6's,102.19
300,396,Liposomal Amphotericin B Injection 50 mg per Vial,20 ml,2700.0
301,400,Ketoconazole Tablets IP 200 mg,10's,26.25
302,401,Amoxycillin 250mg and Potassium Clavulanate 125mg Tablets IP,6's,44.07
303,402,Amoxycillin 875mg and Potassium Clavulanate 125mg Tablets IP,6's,72.19
304,403,Clindamycin Injection IP 300mg per 2ml,2 ML,55.0
305,404,Linezolid Infusion 600mg per 300ml,300 ml,113.44
306,405,Ofloxacin Infusion IP 200 mg per 100 ml,100 ml,30.94
307,407,Ivermectin Dispersible Tablets 12 mg,10's,21.66
308,410,Trastuzumab Injection 440 mg With Wfi,1's,14062.5
309,412,Azathioprine Tablets IP 50 mg,10's,45.0
310,413,Methotrexate Tablets IP 7.5 mg,10's,25.0
311,414,Tranexamic Acid 500mg and Mefenamic Acid 250mg Tablets,10's,76.88
312,416,Prazosin Tablets IP 5 mg,15's,28.88
313,417,Telmisartan 40mg and Amlodipine 5mg Tablets IP,15's,22.69
314,418,Rosuvastatin Tablets IP 20 mg,10's,26.82
315,419,Heparin Sodium 50IU and Benzyl Nicotinate 2mg Ointment,20 gm,37.5
316,420,Atorvastatin 10mg and Clopidogrel 75mg Capsules,10's,36.1
317,421,Nebivolol Tablets IP 5 mg,10's,23.44
318,422,Torasemide Tablets IP 10mg,15's,15.94
319,423,Bisoprolol Tablets 5 mg,10's,14.07
320,424,Carvedilol Tablets IP 3.125 mg,10's,7.22
321,425,Diltiazem Sustained Release Tablets 90 mg,10's,34.04
322,426,Acenocoumarol Tablets IP 2 mg,30's,33.75
323,427,S(-)Amlodipine Tablets IP 2.5 mg,10's,11.35
324,428,Digoxin Tablets IP 0.25 mg,10's,8.44
325,429,Atorvastatin 10mg and Fenofibrate 160mg Tablets IP,15's,28.13
326,430,Amiodarone Tablets IP 200 mg,10's,55.32
327,431,Ramipril 5mg and Hydrochlorothiazide 12.5mg Tablets IP,10's,13.13
328,432,Olmesartan Medoxomil Tablets IP 40 mg,10's,34.04
329,433,Isosorbide Mononitrate Sustained Release Tablets 30 mg,30's,65.63
330,434,Propranolol Tablets IP 40 mg,10's,6.19
331,435,Rosuvastatin 10mg and Fenofibrate 160mg Tablets IP,10's,31.97
332,436,Telmisartan 40mg and Chlorthalidone 12.5mg Tablets,10's,20.63
333,437,Nifedipine Prolonged release Tablets IP 20mg,10's,8.44
334,438,Indapamide Tablets IP 1.5 mg,10's,24.38
335,439,Olmesartan Medoxomil 40mg and Hydrochlorothiazide 12.5mg Tablets IP,10's,28.13
336,440,Metoprolol 50mg (Prolonged release) and Amlodipine Besilate 5mg Tablets IP,7's,10.32
337,441,Losartan 50mg and Amlodipine 5mg Tablets IP,10's,20.63
338,442,Fenofibrate Tablets IP 160 mg,10's,27.85
339,443,Isosorbide Dinitrate Tablets IP 5 mg,50's,18.75
340,444,Enalapril 10mg and Hydrochlorothiazide 25mg Tablets IP,30's,56.25
341,445,Olmesartan 20mg and Amlodipine 5mg Tablets,10's,23.44
342,446,Amlodipine 5mg and Hydrochlorothiazide 12.5mg Tablets,10's,15.47
343,447,Moxonidine Tablets 0.3 mg,10's,44.07
344,448,Ramipril 5mg and Amlodipine 5mg Tablets,10's,23.44
345,449,Spironolactone Tablets IP 25 mg,15's,20.63
346,450,LabetalolHydrochlori deTablets IP 100mg,10's,42.19
347,451,"Streptokinase Injection IP 10 15,00,000 IU",ml & wfi,932.82
348,452,Warfarin Tablets IP 5 mg,10's,16.88
349,453,Bisoprolol 5mg and Hydrochlorothiazide 6.25mg Tablets IP,10's,15.47
350,454,Valsartan Tablets IP 80 mg,10's,34.04
351,455,Verapamil Tablets IP 80 mg,10's,13.13
352,456,Atorvastatin Tablets IP 40 mg,10's,20.63
353,457,Torsemide Tablets IP 20 mg,10's,18.57
354,458,Labetalol Injection 4 IP 5 mg per ml Hydroquinone,ml Ampoule,55.32
355,459,"2%w/w, Mometasone 0.1%w/w and Tretinoin 0.025%w/w Cream",20 gm,24.75
356,461,Betamethasone Valerate 0.1%w/w and Neomycin Sulfate 0.5%w/w Cream,20 gm,16.5
357,462,Betamethasone Valerate 0.12%w/w and Clioquinol 3%w/w Cream,30 GM,32.82
358,463,Mupirocin Ointment IP 2 % w/w Pantoprazole 40mg,5 gm,46.88
359,465,(Gastro-resistant) and Domperidone 30mg (Prolonged Release) Capsules,10's,20.63
360,466,IP Ursodeoxycholic Acid Tablets IP 300 mg,10's,160.6
361,467,Dicyclomine Hydrochloride 10mg and Mefenamic Acid 250mg Tablets IP,10's,12.38
362,468,"Bacillus Clausii Spores Suspension 2 Billion per 5ml Oxetacaine,",5 ML,14.07
363,471,Aluminium Hydroxide and Magnesium Hydroxide Suspension,200 ML,43.13
364,472,Esomeprazole 40mg (Enteric-Coated) and Domperidone 30mg (Sustained Release) Capsules,10's,20.63
365,473,Pantoprazole 40mg (Enteric Coated) and Levosulpiride 75mg (Sustained Release) Capsules,10's,51.57
366,474,Doxylamine Succinate 10mg and Pyridoxine Hydrochloride 10mg Tablets,30's,21.57
367,475,Sucralfate Suspension 500mg per 5ml Liquid Paraffin,200 ml,72.19
368,476,"1.25ml, Milk of Magnesia 3.75ml and Sodium 170 Picosulphate 3.33mg Suspension",ml Bottle,53.44
369,477,per 5ml Chlordiazepoxide 5mg and Clidinium Bromide 2.5mg Tablets,10's,8.44
370,478,Sodium Picosulphate Tablets 10 mg,10's,10.32
371,479,Sorbitol 7.15g and Tricholine Citrate 550mg per 10ml Solution,200 ML,37.5
372,480,Esomeprazole 40mg (Enteric-coated) and Levosulpiride 75mg (Sustained release),10's,61.88
373,481,Capsules Rifaximin Tablets 400 mg Rabeprazole 20mg,10's,121.88
374,482,(Enteric Coated) and Levosulpiride 75mg (Sustained Release),10's,33.75
375,483,Capsules Loperamide Capsules IP 2 mg,10's,7.22
376,484,Esomeprazole Tablets IP 40 mg,10's,19.6
377,485,Promethazine Tablets IP 25 mg,10's,6.57
378,486,Pancreatin 170mg and Activated Dimethicone 80mg Tablets,10's,51.57
379,487,Dicyclomine Hydrochloride 10mg and Activated Dimethicone 40mg,30 ML,15.94
380,488,per 5 ml Suspension Lansoprazole Capsules IP 15 mg,10's,18.75
381,489,Sulfasalazine Gastro-resistant Tablets 1000mg,10's,72.19
382,491,Itopride Tablets IP 50 mg,10's,33.75
383,492,Sulfasalazine Delayed Release Tablets 500mg,10's,24.38
384,496,Dydrogesterone Tablets IP 10 mg Combipack of,10's,328.13
385,497,Mifepristone Tablets IP 200mg (1 Tablet) & Misoprostol Tablets IP 200mcg,1's,69.38
386,498,(4 Tablets) Ferrous Ascorbate 100mg and Folic Acid 1.5mg Tablets,10's,21.66
387,499,Norethisterone Tablets IP 5 mg,10's,13.13
388,500,Levo-Thyroxine Sodium Tablets IP 100 mcg,100's,60.0
389,501,Betamethasone Sodium Phosphate Tablets IP 0.5 mg,20's,7.5
390,502,Deflazacort Tablets 6 mg,6's,13.41
391,503,Methylprednisolone Sodium Succinate Injection 1000mg,Vial & Wfi,297.19
392,504,Nandrolone Decanoate Injection IP 25 mg per ml,1 ML,18.75
393,505,Carbimazole Tablets IP 10 mg,100's,72.19
394,507,Carbimazole Tablets IP 5 mg,10's,10.32
395,508,Levetiracetam Tablets IP 500 mg,10's,63.94
396,509,Hydroxychloroquine Tablets IP 200 mg,10's,33.75
397,510,Paracetamol 325mg and Tramadol 37.5mg Tablets,10's,12.38
398,511,"Paracetamol Tablets IP 650 mg Aceclofenac 100mg,",15's,14.07
399,512,Paracetamol 325mg and Serratiopeptidase,10's,17.82
400,513,15mg Tablets Piroxicam Capsules IP 20 mg,10's,8.44
401,514,Chymotrypsin and Trypsin (1:6 ) Tablets 100K AU,20's,46.88
402,515,Mefenamic Acid Suspension 100mg per 5ml,60 ml,16.88
403,516,Aceclofenac Sustained Release Tablets 200mg,10's,18.75
404,517,Thiocolchicoside 4mg and Aceclofenac 100mg Tablets,10's,46.88
405,518,Baclofen Tablets IP 10 mg,10's,11.0
406,519,Ketorolac Tromethamine Tablets IP 10mg,10's,9.38
407,521,Tramadol Prolonged Release Tablets IP 100 mg,10's,32.82
408,522,Alfacalcidol Soft Gelatin Capsules 0.25 mcg,10's,20.63
409,523,Naproxen Tablets IP 500 mg,15's,45.0
410,525,"Diclofenac 1.16%w/w, Linceed Oil 3%w/w, Methyl Salicylate 10%w/w and Menthol 5%w/w Gel",30 GM,22.5
411,528,"Paracetamol 325mg, Phenylephrine 10mg and Chlorpheniramine 2mg Tablets",10's,20.63
412,529,Levosalbutamol 1.25mg and Ipratropium 500mcg Respules,3 ml,8.44
413,530,Formoterol 6mcg and Budesonide 200mcg Rotacaps,30's,79.69
414,532,Salmeterol 50mcg and Fluticasone 250mcg Rotacaps Ambroxol,30's,112.5
415,537,"Hydrochloride 15 mg, Guaifenesin 50 mg and 100 Levosalbutamol Sulphate 1 mg",ml Bottle,21.57
416,539,Syrup Acetylcysteine Tablets 600 mg,10's,30.0
417,540,Levosalbutamol 1.25mg and Budesonide 1mg Respules,2 ML,25.79
418,541,Acebrophylline Capsules 100 mg,10's,20.63
419,542,Saline Nasal Drops (Sodium Chloride 0.65% w/v),20 ml,11.25
420,543,Menthol (55 mg ± 5.) Cinnamon (12.5 mg ± 2) and Pine Oil (112.5 mg ± 1) Soft Capsules,10's,23.44
421,544,Fluticasone Propionate Respules 0.5mg per 2ml,2 ML,15.94
422,555,Doxofylline Tablets IP 400 mg MontelukastSodium,10's,15.94
423,556,10mgand Fexofenadine Hydrochloride 120 mg Tablets,10's,41.25
424,558,Azelastine Hydrochloride 140mcg and Fluticasone Propionate 50mcg,70 MD,178.13
425,560,Nasal Spray Fluticasone Propionate Nasal Spray IP 50 mcg,100 MD,75.0
426,561,Levosalbutamol Syrup 1mg per 5ml,100 ML,12.38
427,562,Loratadine Tablets IP 10mg,10's,9.38
428,563,Oxymetazoline Hydrochloride Nasal Drops IP 0.5 mg per ml,10 ML,14.44
429,564,Tiotropium Bromide 18mcg and Formoterol Fumarate Dihydrate 12mcg Rotacaps,15's,70.32
430,565,"Tiotropium Bromide 18mcg, Formoterol Fumarate Dihydrate 12mcg and Ciclesonide 400mcg",15's,140.63
431,566,Rotacaps Ipratropium Bromide Respirator Solution 250mcg,15 ML,26.25
432,567,Salbutamol 100mcg and Ipratropium 20mcg Inhaler,200 MDI,103.13
433,568,Salmeterol 25mcg and Fluticasone Propionate 250mcg Inhaler IP,100 MD,234.38
434,569,Sildenafil Tablets IP 50 mg,4's,9.29
435,570,Tadalafil Tablets IP 20 mg Tamsulosin,4's,15.47
436,571,Hydrochloride (Modified Release) 0.4mg and Dutasteride 0.5mg,15's,24.75
437,574,"Tablets Rabies Vaccine, 1 ml vial Human IP in",with diluent Mono pack,295.0
438,580,"Ginseng, Multivitamins and multiminerals Capsules",10's,30.94
439,581,"CalciumCarbonate 500mg, Calcitriol 0.25mcg and Zinc 7.5mg Capsules",10's,18.57
440,582,"Vitamins A,C,D,E,And B Complex and Minerals Syrup",200 ML,44.07
441,583,Cyproheptadine Tablets IP 4 mg,10's,3.75
442,585,Cholecalciferol Granules 60000 IU per gm,1 Sachet,9.29
443,586,"Methylcobalamin 1500mcg, L- Carnitine L- Tartrate 500mg and Folic",10's,103.13
444,588,Acid 1.5mg Tablets Vitamin E Softgel Capsules 400 mg,10's,20.63
445,589,Calcium 500mg and Calcitriol 0.25mcg Tablets,15's,16.88
446,591,Methylcobalamin Injection 500 mcg,1 ML,6.57
447,592,"L-Lysine + Multivitamins (Vit- B1,B2,B3,B5,B6 ) Syrup",200 ML,48.75
448,593,"Folic Acid 15mg, Cyanocobalamine 500mcg and Nicotinamide 200mg Injection",10 ML,37.5
449,594,"Dextrose Monohydrate IP Powder Thiamine 100mg,",75 gm,21.57
450,595,Pyridoxine Hydrochloride 100mg and Cyanocobalamin 1000mcg per 3 ml,3 ml,7.5
451,597,Injection Pyridoxine Tablets IP 50 mg,10's,8.44
452,598,Pregabalin 75mg and Methylcobalamin 750mcg Tablets,10's,35.63
453,599,Pregabalin Tablets 75 mg,10's,22.69
454,601,Disulfiram Tablets IP 500 mg Cetirizine,4's,6.57
455,603,"Dihydrochloride 5mg, Phenylephrine Hydrochloride 10mg and Paracetamol 325mg Tablets",10's,17.54
456,608,Betamethasone Dipropionate 0.05% w/w and Salicylic Acid 3% w/w Ointment,20 gm,15.94
457,609,Silver Nitrate 0.20% w/w and Chlorhexidine 15 Gluconate 0.20% w/w Cream,Gms Tube,23.44
458,610,"Paracetamol 125mg, Phenylephrine Hydrochloride 5mg and Cetirizine Dihydrochloride 2mg",60 ML,14.07
459,611,Suspension Cyproheptadine Hydrochloride Syrup IP 2mg,200 ml,28.13
460,612,Povidone-Iodine 10 gm Powder 5% W/W Diclofenac,Container,17.82
461,613,"Potassium 50mg, Paracetamol 325mg and Serratiopeptidase 10mg Tablets",10's,18.57
462,614,"Paradichlorobenzen e 2%w/v, Benzocaine 2.7%w/v, Chlorbutol 5%w/v and Turpentine Oil 15%w/v Ear Drops",10 ml,12.19
463,625,Bromhexine Hydrochloride 8mg and Phenylephrine Hydrochloride 5mg,15's,11.25
464,626,Tablets Ketoconazole 100 Shampoo 2% W/V,ml Bottle,58.13
465,627,Etophylline 115mg and Theophylline 35mg Prolonged Release Tablets IP,10's,7.5
466,628,Etophylline 231mg and Theophylline 69mg Prolonged Release Tablets IP Inhalent Softgel,10's,13.41
467,629,"Capsules (Camphor 25mg, Chlorothymol 5mg, Eucalyptol 130mg, Menthol 55mg, Turpineol 110mg)",10's,26.25
468,630,Liquid Paraffin 3.75ml and Milk of Magnesia 11.25ml 170 per 15ml,ml Bottle,34.69
469,631,Suspension Etamsylate Tablets 500 mg,10's,12.19
470,632,Etamsylate Tablets 250 mg,10's,8.44
471,633,Adapalene 0.1%w/w and Clindamycin 15 Phosphate 1%w/w Gel,gm tubes,30.0
472,634,"Clobetasol Propionate 0.05%w/w, Neomycin 0.50%w/w, Miconazole 2%w/w and Chlorocresol",20 gms.,26.82
473,637,"0.10%w/w Cream Aceclofenac 100mg, Paracetamol 325mg and Chlorzoxazone 250mg Tablets",10's,15.0
474,639,"Terbutaline Sulphate 1.25mg, Bromhexine 4mg, Guaiphenesin 50mg and Menthol 2.5mg Syrup per",100 ML,22.69
475,640,"5ml Nimesulide Gel 1% 20 W/W Paracetamol 125mg,",gm Tube,15.0
476,643,Chlorpheniramine 1mg and Sodium 60 Citrate 60mg Syrup in Flavour base,ml Bottle,16.88
477,644,Phenylephrine Hydrochloride 5mg and 15 Chlorpheniramine Maleate 2mg Drops,ml Bottle,18.75
478,645,"Nimesulid 100mg, Paracetamol 325mg and Chlorzoxazone 375mg Tablets Diclofenac",10's,18.75
479,648,"Dithylamine 1.16%w/w, Linseed Oil 3%w/w, Methyl Salicylate 10%w/w and Menthol 5%w/w Spray",35 gm,51.57
480,649,Dicyclomine Hydrochloride 10mg 10 and Simethicone 40mg Oral Drops,ml Bottle,10.32
481,650,Mefenamic Acid 500mg and Paracetamol 325mg Tablets,10's,15.94
482,655,Pepsin 7.5mg and Fungal Diastase Enyme 12.5mg Syrup per 5ml (Mix,200 ml,45.0
483,656,Fruit Flavour) Diastase and Pepsin Enzyme Drops Chlorhexidine,15 ml,16.88
484,658,Gluconate 0.3%v/v and Cetrimide 0.6%w/v Antiseptic Liquid,100 ML,11.25
485,661,Gama Benzene Hexachloride 1%w/v and Cetrimide 0.1%w/v lotion,100 ml,51.57
486,664,"Mouth Ulcer Gel (Choline Salicylate Sodium 9% W/V, Benzalkonium Chloride 0.01%",10 gm,14.07
487,665,W/W) Vitamin B Complex and Ascorbic Acid Capsules,10's,15.94
488,666,Pheniramine Maleate Injection IP 22.75 mg,2 ML,3.75
489,668,Multivitamin Drops,15 ml,16.88
490,669,Cefuroxime Axetil Oral Suspension 125mg per 5ml,30 ML,61.88
491,670,"Glucosamine 750mg , Diacerein 50mg and Methylsulfonylmetha ne 250mg Tablets",10's,46.41
492,671,Glucosamine 500mg and Diacerein 50mg Tablets,10's,51.57
493,672,Mometasone Furoate Cream IP 0.1%w/w,15 gm,16.88
494,673,Biotin Tablets 10mg,10's,31.88
495,676,Triamcinolone Acetonide Mouth Ulcer Gel 0.1% w/w,10 gm,45.94
496,677,Flupentixol Tablets 0.5 mg,10's,10.32
497,679,Nalidixic Acid Tablets IP 500 mg,10's,15.94
498,680,Finasteride Tablets IP 5mg,10's,41.25
499,682,Rabeprazole 20mg and Domperidone 10mg Capsules Rabeprazole,10's,20.63
500,683,Sodium (Gastro- resistant) 20mg and Itopride Hydrochloride Prolonged release 150mg Capsules IP,10's,37.5
501,685,Pantoprazole Sodium 40 mg (Enteric Coated) and Itopride Hydrochloride 150 mg (Sustained Release) Capsules,10's,46.88
502,686,Magaldrate 400mg and Simethicone 20mg Oral Suspension IP per,170 ml,39.38
503,687,5ml Lactulose Solution IP 10g per 15ml,200 ml,120.0
504,689,Clotrimazole Vaginal Tablets IP 100mg,10's,14.07
505,690,Timolol Maleate Eye Drops IP 0.5 %,5 ml Vial,19.69
506,691,Ofloxacin Eye Drops IP 0.3% w/v,10 ml,10.32
507,692,Olopatadine Hydrochloride Ophthalmic Solution IP 0.1% w/v,10 ml Vial,42.19
508,693,Tropicamide Eye Drops IP 1% W/V Polymyxin B,5 ml Vial,28.13
509,696,"Sulphate 5000IU, Chloramphenicol 4mg and Dexamethasone",5 ml,39.38
510,697,1mg Eye/Ear Drops Sulphacetamide Eye Drop IP 10 % w/v,10 ml,11.25
511,699,Acyclovir Eye Ointment IP 3% W/W,5 gm,23.44
512,701,Pilocarpine Eye Drops IP 2% W/V,10 ml Vial,0.0
513,704,Cephalexin Dry Syrup 125mg per 5ml,30 ml,17.82
514,705,Levofloxacin Infusion IP 500 mg per 100 ml,100 ML,33.75
515,707,Piroxicam Dispersible Tablets 10 mg,10's,9.38
516,708,Piroxicam Dispersible Tablets 20 mg,10's,19.69
517,709,Piroxicam with bezyl alcohol Injection 20 mg,1 ml,5.63
518,710,Piroxicam with bezyl alcohol Injection 40 mg,2 ml,11.25
519,712,Paracetamol Oral Suspension IP 250mg per 5ml,60 ml,19.69
520,713,Glibenclamide 5mg and Metformin Hydrochloride 500mg Tablets IP,10's,11.25
521,715,Glycerin IP 98%W/W,50 GM,20.63
522,717,Etodolac Tablets IP 300mg,10's,35.07
523,718,Escitalopram Oxelate 10mg and Clonazepam 0.5mg Tablets IP,10's,14.07
524,720,Ringer Lactate 500 ml Infusion,in FFS Bottle,22.5
525,722,Water for Injection amp polypack 5 ml,5 ml,1.41
526,723,Water for Injection amp polypack 10ml,10 ml,1.88
527,725,Dextrose Intravenouse Infusion IP 5% w/v,500 ml,18.75
528,726,Dextrose Injection IP 10% w/v,500 ml,15.47
529,728,Dextrose 5%w/v and Sodium Chloride 0.9%w/v Injection IP,500 ml,18.75
530,732,Sodium Chloride 100 Injection IP Plastic 0.9%W/V,ml IV Fluid Container,14.07
531,733,Progesterone Sustained Release Tablets 200 mg,10's,152.82
532,734,Dehydroepiandroste rone (Micronized) 25 mg Capsule,10's,65.63
533,736,Megestrol Acetate Tablets IP 40mg,10's,131.25
534,739,Cefuroxime Axetil Tablets IP 125mg,6's,32.82
535,740,Clarithromycin Tablets IP 250 mg,10's,76.88
536,741,Cefpodoxime Proxetil Dispersible Tablets 50 mg,10's,27.19
537,746,Valganciclovir Hydrochloride Tablets USP 450 mg,10's,1740.0
538,747,Glimepiride Tablets IP 3mg,10's,6.19
539,748,Glimepiride Tablets IP 4mg,10's,7.5
540,752,Clotrimazole Powder 100 1%,gm Powder,56.72
541,753,Clotrimazole 1%w/v and Beclometasone Dipropionate 0.025%w/v Lotion,15 ml,26.25
542,754,Clotrimazole 1%w/w and Beclomethasone Dipropionate,15 gm,12.38
543,757,0.025%w/w Cream Cefuroxime Injection IP 1500mg,Vial & Wfi,65.63
544,759,Rosuvastatin Tablets IP 10mg,15's,17.54
545,762,Nortriptyline Tablets IP 25mg,10's,15.0
546,764,Etizolam Tablets IP 0.5mg,10's,9.29
547,766,L-Methylfolate calcium 7.5mg Tablet Metformin,10's,55.32
548,767,Hydrochloride 1000mg (Prolonged Release) and Glimepiride 2mg,10's,34.04
549,768,Tablets IP Acetazolamide Tablets IP 250mg,10's,18.0
550,769,Acetylsalicylic Acid (Aspirin) Gastro- resistant Tablets IP 325mg,14's,7.5
551,772,Adenosine Injection IP 3mg per ml Alpha Lipolic Acid,2 ml,23.44
552,779,"100mg, Vitamin D3 1000IU, Folic Acid 1.5mg, Pyridoxine 3mg and Methylcobalamin150",10's,45.0
553,781,0mcg Tablets Alprazolam 0.25mg and Fluoxetine 20mg Tablets,10's,13.13
554,784,Amisulpride Tablets IP 50mg,10's,29.07
555,785,Amitriptyline Hydrochloride Tablets IP 25mg,15's,8.25
556,786,Amitriptyline Hydrochloride Tablets IP 10mg,10's,6.19
557,788,Anastrozole Tablets IP 1mg,10's,73.13
558,790,Aspirin Enteric Coated Tablets IP 75mg,14's,2.82
559,791,Atenolol 25mg and Amlodipine 5mg Tablets IP,14's,15.0
560,793,Atenolol Tablets IP 25mg,14's,5.63
561,796,Aspirin Gastro- resistant 75mg and Atorvastatin 10mg Capsules IP,10's,15.0
562,797,Atracurium Besylate Injection I.P 25mg per 2.5ml,2.5 ML,22.04
563,800,"Bacitracin 250 IU, Neomycin 5mg, Sulphacetamide 10 60mg Dusting Powder",gm Powder,23.44
564,804,Betamethasone Injection IP 4 mg per ml,1 ml,2.82
565,806,Bicalutamide Tablets IP 50mg Biphasic Isophane,10's,128.44
566,807,Insulin Injection IP 100 IU/ml (30:70 ) 3 (30% Soluble Insulin and 70% Isophane,ml Catridge,165.0
567,809,Insu Bortezomib Injection IP 3.5 mg,Vial,928.13
568,811,Bromfenac Sodium Eye Drop 0.09%w/v,5 ml,61.88
569,812,Bromocriptine Mesylate Tablets IP 2.5mg,10's,82.5
570,814,Cabergoline Tablets IP 0.5mg,4's,159.38
571,815,Calcitriol Capsules IP 0.25mcg,10's,27.85
572,816,Calcium Acetate Tablets 667mg Calcium Carbonate,10's,26.25
573,817,"1250mg, Vitamin D3 250IU, Magnesium Oxide 40mg, Manganese Sulphate 1.8mg and",10's,13.41
574,818,Zinc 7.5mg Tablets Calcium Gluconate Injection IP 10 % w/v,10 ml,4.69
575,821,Carvedilol Tablets IP 6.25mg,10's,7.22
576,829,Chloramphenicol Eye Ointment IP 1%w/w,5 gm,15.94
577,830,Chlordiazepoxide 10mg and Trifluoperazine 1mg Tablets,10's,14.07
578,832,Chlorthalidone Tablets IP 12.5mg,10's,13.41
579,833,Cholecalciferol (Vitamin D3) Drops 800 IU per ml,15 ml,25.32
580,834,Cholecalciferol (Vitamin D3) Drops 400 IU per ml,15 ml,18.75
581,835,Glucosamine Sulphate 500mg and Chondroitin 400mg Tablets,10's,79.69
582,837,Cilnidipine Tablets IP 20mg,10's,18.57
583,838,Cilostazol Tablets IP 50mg,10's,61.88
584,840,Citicoline Tablets IP 500mg,10's,207.29
585,844,Clonazepam Tablets IP 1mg,10's,8.25
586,850,Cyclosporin capsules IP 50mg,5's,120.0
587,851,Dacarbazine Injection IP 200mg,VIAL,176.25
588,853,Daunorubicin Hydrochloride Injection IP 20mg,vial,204.0
589,860,Dextromethorphan Hydrobromide Syrup IP 13.5mg per 5ml,50 ml,21.57
590,864,Dextrose Injection IP 25%w/v,100 ml,11.25
591,865,Diacerein Capsules IP 50mg,10's,42.19
592,866,Diazepam Injection IP 5mg per ml Dicyclomine,2 ML,7.5
593,868,Hydrochloride (Dicycloverine) Injection IP 10mg per ml,2 ml,3.75
594,875,Donepezil Hydrochloride Tablets IP 10mg,10's,23.44
595,878,Drotaverine Hydrochloride 80mg and Mefenamic Acid 250mg Tablets,10's,18.75
596,879,Drotaverine Hydrochloride Tablets IP 40mg,10's,7.5
597,881,Ebastine Tablets IP 10mg,10's,18.75
598,882,Efavirenz Tablets IP 600mg,30's,510.0
599,885,Ethinylestradiol 0.05mg and Levonorgestrel 0.25mg Tablets IP,21's,30.0
600,888,Febuxostat Tablets 40mg,10's,18.75
601,889,Febuxostat Tablets 80mg,10's,31.88
602,897,Formoterol 6mcg and Fluticasone Propionate 250mcg Inhaler,120 MDI,271.88
603,899,Frusemide 20mg and Spironolactone 50mg Tablets,10's,26.25
604,900,Gabapentin 100mg and Methylcobalamin 500mcg Tablets,10's,34.04
605,901,Gabapentin Capsules IP 300mg Metformin,10's,25.79
606,904,Hydrochloride 500mg (Prolonged release) and Glimepiride 1mg Tablets IP,10's,16.5
607,906,Glyceryl Trinitrate Controlled Release Tablets 2.6mg (Nitroglycerin Controlled Release Tablets),30's,46.88
608,910,Human Chorionic Gonadotrophin IP 5000 IU (Powder for Vial injection with,and solvent,215.0
609,912,solvent) Hydrochlorothiazide Tablets IP 12.5mg,10's,5.63
610,913,Hydrocortisone Sodium Succinate Injection IP 100mg,Vial,20.0
611,915,Hydroxyzine Hydrochloride Tablets IP 10mg,10's,7.22
612,916,Imatinib Mesylate Tablets IP 400mg,10's,210.94
613,917,Imipramine Hydrochloride Tablets IP 25mg,10's,4.69
614,920,Soluble Insulin Injection IP 100 IU 3 per ml (R-DNA Origin),ml Catridge,170.0
615,922,Isopropyl Alcohol IP 100 (70%) (Spirit),ML bottle,40.0
616,923,Isosorbidemononitra te Tablets IP 20mg,10's,7.5
617,924,Isoxsuprine Hydrochloride Tablets IP 10mg,50's,42.19
618,926,Ketoconazole 15 Cream 2% w/w,gm Tube,18.57
619,931,Lamotrigine Tablets 100mg,10's,41.25
620,933,Leflunomide Tablets IP 20mg,10's,69.38
621,934,Lenalidomide Capsules 10mg,10's,435.0
622,935,Letrozole Tablets IP 2.5mg,10's,31.88
623,936,Leuprolide Acetate Injections 3.75mg,1's,1687.5
624,938,Levocarnitine Injections 1gm,5 ml,65.63
625,939,Levocarnitine Tablets 500mg,10's,52.5
626,944,Levosalbutamol Inhaler 50mcg,200 Mdi,77.82
627,945,Levosulpiride Tablets 25mg,10's,10.32
628,946,Lignocaine (Lidocaine) Hydrochloride Gel IP 2% W/V,20g,10.32
629,947,Lithium Carbonate Prolonged Release Tablets IP 450mg,10's,18.75
630,948,Lorazepam Tablets IP 1mg,10's,10.32
631,949,Lorazepam Tablets IP 2mg,10's,11.25
632,951,Lycopene with Multivitamins and Multi Minerals Syrup,200 ml,50.63
633,954,Medroxyprogesteron e Acetate Tablets IP 10mg,10's,24.38
634,955,Mefenamic Acid 50mg and Paracetamol 125mg Suspension per 5ml,60 ml,10.32
635,956,Mefloquine Hydrochloride Tablets IP 250mg,4's,106.88
636,957,Memantine Hydrochloride Tablets IP 10mg,10's,23.44
637,960,Metformin Sustained Release Tablets IP 850mg,10's,18.57
638,965,Miconazole 2%w/w and Fluocinolone 15 Acetonide 0.01%w/w Ointment,gm Tube,23.44
639,968,Mirtazapine Tablets IP 15mg,10's,28.13
640,972,Mycophenolate Mofetil Tablets IP 500mg,10's,180.0
641,974,Natural Micronised Progesterone Capsules 100mg,10's,62.82
642,975,Nebivolol 5mg and Hydrochlorothiazide 12.5mg Tablets,10's,61.88
643,976,Nebivolol Tablets IP 2.5mg,10's,15.0
644,978,Nepafenac Eye Drop 0.1% W/V,5 ml,61.88
645,986,Nitrazepam Tablets I.P 10mg,10's,8.44
646,987,Nitrofurantoin Tablets I.P 100mg,10's,16.5
647,990,Olanzapine Tablets IP 10mg,10's,8.25
648,991,Olanzapine Tablets IP 5mg,10's,6.19
649,992,Olmesartan Medoxomil Tablets IP 20mg,10's,15.94
650,993,Ondansetron Oral Solution IP 2 mg per 5ml,30 ml,14.07
651,994,Oxaliplatin Injections IP 50mg,Vial,445.32
652,997,Paclitaxel Injection IP 100mg (6mg/ml),Vial,506.25
653,999,Paroxetine Prolonged Release Tablets IP 37.5mg,10's,60.0
654,1003,Permethrin Cream 5% w/w,30 gm,22.5
655,1005,Phenobarbitone Tablets IP 30mg,30's,15.94
656,1008,Phytomenadione Injection (Vitamin 0.5 K1) IP 1mg per 0.5ml,ml Ampoule,10.32
657,1009,Pioglitazone Tablets IP 15 mg,10's,8.25
658,1011,Piracetam Syrup 500mg per 5ml,100 ml,60.94
659,1012,Piracetam Tablets 400mg,10's,17.54
660,1024,Promethazine Injection IP 25 mg per ml,2 ml,2.82
661,1026,Propranolol Tablets IP 10mg,10's,5.16
662,1029,Pyrazinamide Tablets IP 1000mg,10's,0.0
663,1031,Quetiapine Fumarate Tablets IP 200mg,10's,60.94
664,1032,Quetiapine Tablets IP 100mg,10's,34.04
665,1037,Erythropoietin Injection IP 4000 IU,Vial,278.44
666,1038,Erythropoietin Injection IP 2000 IU,Vial,215.63
667,1041,Risperidone 4mg and Trihexiphenidyl 2mg Tablets,10's,13.41
668,1042,Risperidone Tablets IP 4mg,10's,8.44
669,1044,Rosuvastatin Tablets IP 5mg,10's,12.38
670,1049,Sertraline Tablets IP 50mg,10's,16.88
671,1050,Sertraline Tablets IP 100mg,10's,20.63
672,1051,Sertraline Tablets IP 25mg,10's,14.07
673,1059,Sodium Valproate Enteric Coated Tablets IP 200mg,10's,15.94
674,1060,Sodium Valproate Gastro-Resistant Tablets IP 300mg,10's,20.63
675,1062,Sofosbuvir Tablets IP 400mg,28's in a bottle,4125.0
676,1068,Sucralfate 1g and Oxetacaine 10mg Suspension per 10ml,100 ml,63.75
677,1072,Tamsulosin Hydrochloride Prolonged Release Capsules IP 0.4mg,10's,20.63
678,1073,Telmisartan 40mg and Metoprolol 25mg Tablets,10's,28.13
679,1074,Telmisartan 80mg and Hydrochlorothiazide 12.5mg Tablets IP,10's,21.57
680,1075,Teneligliptin Tablets IP 20mg,10's,18.75
681,1076,Tenofovir Disoproxil Fumarate Tablets IP 300 mg,10's,183.75
682,1081,Tizanidine Tablets I.P 2mg Trihexyphenidyl,10's,9.38
683,1087,Hydrochloride Tablets IP 2mg (Benzhexol Hydrochloride Tablets IP 2mg),10's,6.19
684,1088,Trimetazidine Hydrochloride Modified Release Tablets 35 mg,10's,20.63
685,1091,Vecuronium Bromide Injection I.P 4mg,Vial,45.0
686,1097,Vitamin A Capsule IP 25000 IU Metformin,30's,15.0
687,1098,Hydrochloride 500mg (Sustained Release) and Voglibose 0.2mg Tablets,10's,14.44
688,1099,Metformin Hydrochloride 500mg and Voglibose 0.3mg Tablets,10's,15.47
689,1104,Zoledronic Acid Injection IP 4mg per Vial,Vial,165.0
690,1105,Zolpidem Tablets IP 10mg Metoprolol,10's,16.88
691,1106,Succinate 50mg (Extended Release) and Telmisartan,10's,29.91
692,1108,40mg Tablets Sildenafil Tablets IP 100 mg,4's,9.38
693,1110,Clobazam Tablet IP 5mg,10's,14.07
694,1111,Gabapentin 400mg and Nortriptyline 10mg Tablets,10's,51.57
695,1112,Cinnarizine Tablets IP 25mg,10's,7.22
696,1114,Moxifloxacin Hydrochloride Eye Drops IP 0.5% w/v,5 ml,13.41
697,1123,Clomipramine Hydrochloride Sustained release Tablets 75mg,10's,51.57
698,1124,Fluvoxamine Maleate Tablets IP 100mg,10's,69.38
699,1125,Aripiprazole Tablets IP 5mg Teneligliptin 20mg,10's,13.13
700,1129,and Metformin Hydrochloride 500mg (Sustained Release) Tablets IP,10's,28.13
701,1130,Teneligliptin 20mg and Metformin Hydrochloride 1000mg (Sustained Release) Tablets IP,10's,37.5
702,1131,Natural Micronised Progesterone Capsules 200mg,10's,117.19
703,1135,Diacerein 50mg and Glucosamine Sulphate 750mg Tablets,10's,46.88
704,1149,Lisinopril Tablets IP 10mg,15's,21.57
705,1152,Carbamazepine Prolonged-release Tablets IP 200mg,10's,14.07
706,1154,Diethylcarbamazine Citrate Tablets IP 100mg Metoprolol,30's,17.0
707,1156,Succinate 25mg (Extended Release) and Amlodipine Besilate 5mg Tablets IP,7's,12.0
708,1157,Doxylamine Succinate 20mg and Pyridoxine Hydrochloride 20mg Tablets,10's,14.07
709,1162,Betamethasone Cream IP 0.1 % w/w,20 gm,9.29
710,1164,Nandrolone Decanoate Injection IP 50 mg per ml,2 ml,37.5
711,1166,Mefenamic Acid Tablets 250 mg,10's,9.38
712,1167,Mefenamic Acid Tablets 500 mg,10's,15.94
713,1168,Ketorolac Injection IP 30mg per ml,1 ml,11.25
714,1170,Acetylcysteine Injection 200 mg per 2 ml ml,Ampoules,23.44
715,1178,5-Flurouracil Injection 500mg,10 ml,11.5
716,1181,Carboplatin Injection IP 150mg,15 ml Vial,386.72
717,1182,Carboplatin Injection IP 450mg,45 ml Vial,1600.32
718,1183,Cyclophosphamide Injection IP 500 mg,VIAL,35.0
719,1186,Cyclosporin Capulses IP 25mg,5's,72.0
720,1187,Cyclosporine Capsules IP 100 mg,5's,230.0
721,1191,Glycopyrrolate Injection IP 0.2mg,1 ml,6.57
722,1199,Hydroxyurea Capsules IP 500mg,10's,66.0
723,1201,Ifosfamide Injection IP 1gm,VIAL,159.38
724,1203,Protamine Sulphate Injection IP 10mg 5 ml per ml,Vial/Ampoule,21.0
725,1211,Docetaxel Injection IP 80 mg,VIAL,1687.5
726,1212,Docetaxel Injection IP 120 mg,VIAL,2531.25
727,1213,Erlotinib Tablets IP 150 mg,10's Bottle,656.25
728,1214,Gefitinib Tablets IP 250 mg,10's,412.5
729,1215,Pemetrexed Injection IP 100 mg,VIAL,759.38
730,1216,Pemetrexed Injection IP 500 mg,VIAL,2165.63
731,1217,Temozolomide Capsules IP 100mg,5's in Bottle,1371.57
732,1218,Temozolomide Capsules IP 250 mg,5's,2517.19
733,1219,Amino Acid Solution 200 ml for IV,Glass Bottle,247.0
734,1220,Oseltamivir Capsules IP 75mg,10's,178.13
735,1221,Thyroxine Sodium Tablets IP 50mcg,100's in Bottle,51.57
736,1222,Artemether 80mg and Lumefantrine 480mg Tablets,6's,28.13
737,1223,"Carbonyl Iron 50mg, Folic Acid 0.5mg and Zinc 61.8mg Capsules",15's,20.63
738,1225,Orlistat Capsules 120 mg,10's,134.07
739,1226,Triamcinolone Acetonide Injection IP 40mg per ml,1 ml Vial,46.88
740,1227,Triamcinolone Tablets IP 4mg,10's,32.82
741,1228,Gabapentin 300mg and Amitriptyline 10mg Tablets,10's,51.57
742,1231,Vitamin E Acetate 200mg and Levocarnitine 150mg Tablets,10's,0.0
743,1232,Noscapine Syrup 1.83mg per 5ml,50 ml,37.5
744,1236,Albendazole Tablets IP 400mg,1's,3.1
745,1238,Prazosin Hydrochloride Sustained Release Tablets 2.5 mg,30's,56.25
746,1240,Gliclazide 80mg and Metformin Hydrochloride 500mg Tablets,10's,26.82
747,1241,Cefaclor Dispersible Tablets 250 mg,10's,168.75
748,1246,Fluconazole Tablets IP 150 mg,1's,5.16
749,1248,"Haematinic Syrup of Iron 32mg ,Folic 200 Acid 0.5mg and Vitamin B12 7.5mcg",ml Bottle,39.38
750,1251,Vitamin B6 (Pyridoxine Hydrochloride) Tablets IP 100mg,10's,20.63
751,1252,"Calcium Phosphate 82mg, Vitamin D3 200IU and Vitamin B12 2.5mcg Suspension",200 ml,33.75
752,1254,"Diphenhydramine 13-15mg, Ammonium Chloride 135-150mg , 100 Sodium Citrate 57- 85mg, Menthol 0.9- 2.6mg Cough Syrup",ml Bottle,16.88
753,1255,Acebrophylline 200mg (Sustained Release) and Montelukast 10mg Tablets,10's,51.57
754,1257,Allylestrenol Tablets 5 mg,10's,30.94
755,1261,Amiloride 2.5mg and Hydrochlorothiazide 25mg Tablet IP,10's,14.07
756,1263,Ampicillin Capsules IP 500 mg,10's,37.5
757,1281,Chlordiazepoxide Tablets IP 10 mg,10's,19.69
758,1283,Chlorthalidone Tablets IP 6.25 mg,10's,9.38
759,1284,Cilnidipine 10mg and Telmisartan 40mg Tablets,10's,22.69
760,1285,Cinitapride Tablets 1 mg,10's,28.13
761,1297,Ranitidine 150mg and Domperidone 10mg Tablets,15's,14.07
762,1298,Donepezil Tablets IP 5 mg,10's,18.75
763,1301,Drotaverine 80mg and Aceclofenac 100mg Tablets,10's,30.94
764,1302,Duloxetine Gastro- resistant Tablets IP 20 mg,10's,25.32
765,1306,Escitalopram Oxalate 5mg and Clonazepam 0.5mg Tablets IP,10's,13.41
766,1307,Ethinylestradiol 0.03mg and Desogestrel 0.15mg Tablets,21's,90.0
767,1308,Ethinylestradiol 0.03mg and Levonorgestrel 0.15mg Tablets IP,21's,35.0
768,1310,Faropenem Tablets 200mg,6's,281.25
769,1311,Fenofibrate Tablets IP 145 mg,10's,20.63
770,1312,Flavoxate Tablets IP 200 mg,15's,56.25
771,1315,Fluticasone Furoate Nasal Spray 27.5mcg,120 MDI,129.38
772,1319,Gabapentin Tablets IP 100 mg,10's,14.44
773,1328,Isoxsuprine Injection IP 5 mg,2 ml Vial,9.38
774,1341,Mebendazole Tablets IP 100 mg,6's,8.44
775,1342,Mebeverine Hydrochloride Tablets IP 200mg,10's,52.5
776,1344,Meropenem 1000mg and Sulbactam 500mg Injection,Vial & Wfi,268.13
777,1345,Meropenem Injection IP 500 mg,Vial & Wfi,154.69
778,1348,Methylprednisolone Tablets IP 4mg,10's,15.47
779,1353,Mirtazapine Tablets IP 7.5mg,10's,12.19
780,1354,Modafinil Tablets IP 200mg,10's,78.75
781,1359,Naproxen Tablets IP 250 mg,15's,21.57
782,1367,"Olmesartan20mg, Amlodipine 5mg and Hydrochlorothiazide 12.5mg Tablets",10's,39.19
783,1368,Olmesartan Medoxomil 20mg and Hydrochlorothiazide 12.5mg Tablets IP,10's,25.32
784,1375,Phenobarbitone Tablets IP 60 mg,30's,26.25
785,1382,Prasugrel Tablets IP 10 mg,10's,61.88
786,1383,Pregabalin 75mg and Nortriptyline 10mg Tablets,10's,31.97
787,1384,Quetiapine Tablets IP 25 mg,10's,10.32
788,1392,Aspirin Gastro Resistant 75mg and Rosuvastatin 10mg Capsules IP,10's,34.69
789,1393,Rosuvastatin 10mg and Clopidogrel 75mg Capsules,10's,39.38
790,1396,Sertaconazole Nitrate Cream IP 2%w/w,15 gm,56.25
791,1409,Teicoplanin Injection IP 400mg,1 ml Vial,750.0
792,1410,"Telmisartan 40mg, Amlodipine 5mg and Hydrochlorothiazide 12.5mg Tablets",10's,19.6
793,1411,Telmisartan 40mg and Chlorthalidone 6.25mg Tablets,10's,18.75
794,1414,Terlipressin Injection 1000 mcg (1 mg/10ml),10 ml Vial,210.94
795,1417,Thiocolchicoside Capsules IP 4mg,10's,42.19
796,1418,Tigecycline Injection IP 50 mg,5 ml Vial,618.75
797,1427,"Trypsin 48mg, Bromelain 90mg and Rutoside Trihydrate 100mg Tablets",10's,65.63
798,1431,Valethamate Injection 8 mg per 1 ml (For IM/IV use),ml Ampoule,9.29
799,1432,Tobramycin Eye Drops 0.3%w/v,5 ml Vial,25.0
800,1435,Capecitabine Tablets IP 500mg,10's,234.38
801,1437,Cefpodoxime Proxetil Oral Suspension IP 50mg Metformin,30 ml,28.13
802,1438,"Hydrochloride 500mg (Sustained Release), Glimepiride 2mg and Voglibose 0.2mg",10's,29.91
803,1440,Tablets Janaushadhi Protein Powder 250g,1's Tin 250g,177.97
804,1441,Janaushadhi Nirmal (Nicotine Polacrilex 1 x Chewing Gum 2 mg)),9's (mono carton pack),42.0
805,1442,Janaushadhi Urja (Glucose Powder (Orange Flavour) 300 g),300 g Box,62.29
806,1443,Janaushadhi Urja (Glucose Powder 100 (Orange Flavour) 100 g),gm Tetra pack,26.7
807,1444,Janaushadhi Urja (Glucose Powder 500g (Orange Flavour) with 500g),Screw-Cap jar scoop,0.0
808,1445,Jan Pudina Soft Gel Capsules,10's,15.0
809,1446,Janushadhi Madhurak (Stevia 100 Natural Sweetener),gm Plastic Jar,140.0
810,1447,Janaushadhi Janani 250g,1's Tin 250g,200.22
811,1448,Lamotrigine Dispersible Tablets IP 100mg,10's,37.5
812,1449,Enzyme syrup mixed fruit flavour,200 ml,50.58
813,1450,Pyrantel Pamoate Oral Suspension IP 250mg per 5ml,10 ml,11.25
814,1451,Theophylline Prolonged-release Tablets IP 400 mg,10's,28.13
815,1452,Pyridoxine Hydrochloride Sustained release tablets 100mg,10's,32.82
816,1453,"Levetiracetam Oral Solution IP 100mg Terbutaline 1.25mg,",100 ml,79.69
817,1454,"Ambroxol 15mg, Guaiphenesin 50mg per 5ml Syrup with",100 ml,30.0
818,1455,Menthol base L-Arginine Granules 3g,5 gm,15.0
819,1456,Itraconazole Capsules 200 mg,4's,33.0
820,1457,Luliconazole Cream 10 IP 1% w/w,gms tube,22.69
821,1458,Sodium Chloride 500 Injection IP 0.9%w/v Plastic,ml IV Fluid Container,28.13
822,1459,"Janaushadhi Poshan (Malt based Plastic food, 500gm)",1's Screw Cap Jar,160.17
823,1460,Insulin Pen,1's,0.0
824,1461,Vildagliptin Tablets IP 50mg,15's,18.75
825,1462,Vildagliptin 50mg and Metformin Hydrochloride 500mg Tablets IP,15's,28.13
826,1463,Vildagliptin 50mg and Metformin Hydrochloride 1000mg Tablets IP,15's,32.82
827,1464,Janaushadhi Protein Bar (35 gm),1's Bar,40.05
828,1465,Janaushadhi Immunity Bar (10 gm),1's Bar,8.9
829,1466,Janaushadhi Protein Powder (Vanilla) 250 gm,1's Tin 250g,177.97
830,1467,Janaushadhi Protein Powder (Kesar Pista) 250 gm,1's Tin 250g,177.97
831,1471,"Janaushadhi Poshan (Malt based food with Cocoa, Plastic 500gm)",1's Screw Cap Jar,164.62
832,1472,Janaushadhi Janani (Vanilla) 250 gm Hand Sanitizer 100,1's Tin 250g,200.22
833,1473,ml (Each pack contains: Ethanol 70% v/v and Chlorhexidine Gluconate 0.5% w/v),100 ml,40.0
834,1474,Hand Sanitizer 500 ml (Each pack contains: Ethanol 70% v/v and Chlorhexidine Gluconate 0.5% w/v),500 ml,200.0
835,1475,Hand Sanitizer 250 ml (Each pack contains: Ethanol 70% v/v and Chlorhexidine,250 ml,100.0
836,1476,Gluconate 0.5% w/v) Hydroxychloroquine Tablet IP 400 mg,10's,76.88
837,1479,Canagliflozin Tablets 100 mg,10's,174.38
838,1480,Metformin 500mg (Prolonged release) and Glimepiride 0.5mg Tablets IP,10's,16.5
839,1481,Metformin 1000mg (Prolonged release) and Glimepiride 1mg Tablets IP,10's,26.82
840,1482,Metformin 1000mg (Prolonged release) and Glimepiride 3mg Tablets IP,15's,39.19
841,1483,Metformin 1000mg (Prolonged release) and Glimepiride 4mg Tablets IP,15's,43.13
842,1485,Mesalazine Prolonged release Tablets IP 1200 mg,10's,129.38
843,1487,Selenium Sulphide Shampoo 2.5% w/v,120 ml,174.38
844,1488,Acarbose Tablets IP 25 mg,10's,37.5
845,1489,Acebrophylline 100mg and Acetylcysteine 600mg Tablets,10's,56.25
846,1490,Acebrophylline Sustained Release Tablets 200 mg,10's,28.13
847,1492,Aceclofenac 200mg (Sustained release) and Rabeprazole Sodium 20mg (Enteric-coated) Capsules,10's,28.13
848,1493,"Aceclofenac 100mg, Paracetamol 325mg and Thiocolchicoside 4mg Tablets",10's,51.57
849,1495,"Aceclofenac 100mg, Paracetamol 325mg and Tizanidine 2mg Tablets",10's,18.75
850,1496,Aciclovir Dispersible Tablets IP 400 mg,5's,28.13
851,1497,Acitretin Capsules IP 25 mg,10's,234.38
852,1498,Acotiamide Tablets 100mg,10's,68.44
853,1501,Amantadine Hydrochloride Capsules IP 100 mg,10's,46.88
854,1502,Amiodarone Tablets IP 100 mg,10's,29.07
855,1503,Amlodipine Besilate 5mg and Bisoprolol Fumarate 5mg Tablets,10's,18.57
856,1504,Amorolfine Cream 0.25% w/w,30 g,51.57
857,1505,Amoxycillin 400mg and Potassium Clavulanate 57mg Oral Suspension IP,30 ml,46.88
858,1506,Amoxycillin 80mg and Potassium Clavulanate 11.4mg Oral Suspension IP,10 ml,32.82
859,1507,"Amoxycillin 250mg, Dicloxacillin 250mg and Lactic Acid Bacillus 2.5 billion Capsules",10's,45.0
860,1508,Ampicillin 250mg and Cloxacillin 250mg Capsules,10's,28.13
861,1509,Ampicillin 250mg and Di-Cloxacillin 250mg Capsules,10's,42.19
862,1510,Anti-D (Rho) Immunoglobulin (Monoclonal) 300 mcg,1 ml Vial,0.0
863,1511,Antioxidant Capsules,30's,60.94
864,1512,Apremilast Tablets IP 10mg,10's,75.0
865,1513,Apremilast Tablets IP 20mg,10's,93.75
866,1514,Apremilast Tablets IP 30mg,10's,129.38
867,1515,Atorvastatin 10mg and Aspirin 150mg Capsules,15's,24.38
868,1516,Atorvastatin 20mg and Clopidogrel 75mg Capsules,10's,36.1
869,1517,"Atorvastatin 20mg, Clopidogrel 75mg and Aspirin 75mg Capsules",10's,41.25
870,1518,Azilsartan 40mg and Chlorthalidone 6.25mg Tablet,10's,60.94
871,1519,Azilsartan Medoxomil 40mg andChlorthalidone12 .5mg Tablets,10's,68.44
872,1520,Azilsartan Medoxomil Tablets IP 40mg,10's,60.0
873,1521,Azithromycin Oral Suspension IP 200 mg,15 ml,20.63
874,1522,Beclomethasone 0.025%w/w and Clotrimazole 1%w/w Cream,20 g,23.44
875,1523,Beclomethasone 0.025%w/v and Clotrimazole 1%w/v Lotion,30 ml,28.13
876,1524,Bepotastine Besilate Tablets 10mg,10's,60.94
877,1525,Betahistine Tablets IP 16 mg,15's,15.0
878,1526,Betahistine Tablets IP 24 mg Betamethasone,15's,22.5
879,1527,"Valerate 0.12%w/w, Gentamicin 0.1%w/w and Miconazole Nitrate",20 g,15.0
880,1528,2%w/w Cream Bilastine Tablets 20 mg,10's,32.82
881,1529,Bimatoprost Ophthalmic Solution 0.01% w/v,3 ml,0.0
882,1530,Bimatoprost Ophthalmic Solution 0.03% w/v,3 ml,159.38
883,1531,Bisoprolol Fumarate Tablets 2.5 mg,10's,10.32
884,1533,Brimonidine Tartrate 0.2%w/v and Timolol Maleate 0.5%w/v Ophthalmic Solution,5 ml,46.88
885,1534,Brimonidine Tartrate Eye drops IP 0.1% w/v,5 ml,18.75
886,1536,Calcitriol 0.25mcg and Calcium 200mg Capsules,15's,32.82
887,1537,Calcium and Vitamin D3 Capsules Calcium Citrate,10's,30.94
888,1538,"Malate 250mg, Calcitriol 0.25mcg and Vitamin K2-7 50mcg Tablets",10's,37.5
889,1540,Calcium (from Coral Grains) 500mg and Vitamin D-3 500IU Tablets,10's,28.13
890,1541,"Calcium 1250mg, Calcitriol 0.25mcg and Vitamin K2-7 45mcg Capsules",10's,46.88
891,1542,"Calcium, Magnesium, zinc and Vitamin D-3 Oral Suspension",200 ml,35.63
892,1543,Camylofin Dihydrochloride 25mg and Paracetamol 300mg Tablets,10's,18.75
893,1544,"Coenzyme Q10 100mg, Lycopene 4000mcg, Selenium 70mcg and Omega- 3 Fatty Acids (EPA 90mg and DHA",10's,140.63
894,1545,60mg) Capsules Carboxymethlycellul ose Eye drops IP 1% w/v,10 ml,28.13
895,1548,Cefixime Oral Suspension IP 100 mg per 5ml,30 ml,30.0
896,1549,Cefixime Oral Suspension IP 25 mg per ml,10 ml,20.63
897,1551,Cefoperazone 1g andSulbactam500m g Injection,1 Vial,60.94
898,1552,Cefoperazone 2g andSulbactam1g Injection,1 Vial,107.82
899,1553,Cefpodoxime Oral Suspension IP 100mg,30 ml,37.5
900,1554,Ceftriaxone 250mg andTazobactam31.2 1 5mg Injection,Vial & wfi,22.5
901,1555,Ceftriaxone Injection 1 IP 2 g,Vial & wfi,56.25
902,1556,Cephalexin Extended Release Tablets 750mg,10's,107.82
903,1557,Cerebroprotein Hydrolysate Injection 30mg,1 vial,187.5
904,1559,Chloramphenicol Capsules IP 250 mg,10's,37.5
905,1560,Chloramphenicol Capsules IP 500 mg Chlordiazepoxide,10's,60.94
906,1562,5mg and Amitriptyline Hydrochloride 12.5mg Tablets,10's,8.44
907,1564,Cholecalciferol Chewable Tablets 60000 IU,4'S,15.47
908,1565,Cilnidipine Tablets IP 10 mg,10's,15.47
909,1566,Cilnidipine Tablets IP 5 mg Pantoprazole,10's,10.32
910,1567,Gastro-resistant 40mg and Cinitapride Sustained release,10's,51.57
911,1568,3mg Capsules Cinnarizine Tablets IP 75mg Ciprofloxacin 0.3%,10's,14.07
912,1569,w/v and Dexamethasone 0.1% w/v Eye/Ear Drops,10 ml,10.32
913,1570,Citicoline 500mg and Piracetam 800mg Tablets Clidinium Bromide,10's,206.25
914,1571,"2.5mg, Chlordiazepoxide 5mg and Dicyclomine Hydrochloride 10mg",10's,13.13
915,1572,Tablets Clindamycin 1%w/w and Nicotinamide 4%w/w Gel,15 g,18.75
916,1574,Clobazam Tablets IP 10 mg Clobetasol,15's,30.0
917,1575,Propionate 0.05%w/w and Gentamicin 0.1%w/w Cream,25 g,12.19
918,1576,Clobetasol Propionate 0.05%w/w and Miconazole Nitrate 2%w/w Cream,15 g,26.25
919,1577,Clobetasol Propionate 0.05%w/w and Neomycin Sulphate 0.5%w/w Cream,10 g,14.07
920,1578,Clobetasol Propionate 0.05%w/w and Salicylic Acid 3%w/w Ointment,20g,28.13
921,1579,Clobetasol Propionate 0.05%w/w and Salicylic Acid 6%w/w Ointment,20g,32.82
922,1580,"Clobetasol Propionate 0.05%w/w, Gentamicin 0.1%w/w and Miconazole Nitrate",15 g,20.63
923,1581,2%w/w Cream Clopidogrel 75mg and Aspirin 150mg Capsules,15's,58.13
924,1582,Clotrimazole 1% w/v and Selenium Sulfide 2.5% w/v Suspension,75 ml,112.5
925,1583,Clotrimazole Mouth Paint 1% w/v,25 ml,18.75
926,1584,Coenzyme Q10 (Ubidecarenone) and L-Carnitine Tablets,10's,93.75
927,1585,Colistimethate Sodium for Injection Vial IP 1 Million IU,(10 ml),168.75
928,1586,Colistimethate Sodium for Injection Vial IP 4.5 Million IU,(10 ml),421.88
929,1587,Colistin Sulphate Oral Suspension IP 12.5 mg per 5ml Collagen,30 ml,27.19
930,1588,"Peptide(Type I) 40mg, Sodium Hyaluronate 30mg, Chondroitin Sulfate 200mg and Vitamin",10's,0.0
931,1590,C 35mg Tablets Dabigatran Etexilate Mesilate Capsules 110 mg,10's,128.91
932,1591,Dabigatran Etexilate Mesilate Capsules 150 mg,10's,165.0
933,1592,Dapagliflozin Tablets 10 mg,10's,30.0
934,1593,Desloratadine 5mg and Montelukast 10mg Tablets Diclofenac,10's,23.44
935,1594,"Diethylamine 1.16% w/w, Thiocholchicoside 0.125% w/w, Linseed Oil 3% w/w, Methylsalicylate 10% w/w and",30 gm,46.88
936,1596,Menthol 5% w/w Gel Diclofenac Potassium 50mg and Metaxalone 400mg Tablets,10's,46.88
937,1597,Diclofenac Prolonged release Tablets IP 75 mg,10's,9.38
938,1598,"Pancreatin 170 mg (containing 15000 units of Amylase activity, 4000 units of Lipase activity, 15000 units of Protease activity) and Sodium Tauroglycocholate",10's,70.32
939,1599,65mg Digestive Enzyme Tablets Diltiazem Hydrochloride Extended Release Capsules 120 mg,10's,32.82
940,1601,Diphenoxylate Hydrochloride 2.5mg and Atropine sulphate 0.025mg,10's,5.63
941,1602,Tablet Divalproex Tablets IP 500 mg,10's,32.82
942,1603,Dorzolamide 2% w/v and Timolol 0.5% w/v Eye Drops IP,5 ml,150.0
943,1604,Dorzolamide Eye Drops IP 2% w/v,5 ml,103.13
944,1605,Dosulepin (or Dothiepin) Tablets 25 mg,10's,16.5
945,1606,Dosulepine (or Dothiepin) Tablets IP 75mg,10's,67.5
946,1607,Drotaverine Hydrochloride Tablets IP 80 mg,15's,18.75
947,1608,"Efavirenz 600mg, Emtricitabine 200mg and Tenofovir Disoproxil Fumarate 300mg Tablets IP",30's,1031.25
948,1609,Empagliflozin Tablets 10 mg,10's,37.5
949,1610,Empagliflozin Tablets 25 mg,10's,61.88
950,1611,Emtricitabine 200mg and Tenofovir Disoproxil Fumarate 300mg Tablets IP,30's,984.38
951,1612,Entecavir Tablets IP 0.5 mg,10's,93.75
952,1613,Eplerenone Tablets IP 25 mg,10's,121.88
953,1615,Erythromycin Estolate Tablets 500 mg,10's,53.44
954,1617,Etoricoxib 60mg and Paracetamol 325mg Tablets,10's,25.32
955,1618,Etoricoxib 60mg and Thiocolchicoside 4mg Tablets,10's,56.25
956,1620,Evening Primrose Oil 1000 mg,15's,79.69
957,1621,Evening Primrose Oil 500 mg Ferrous Ascorbate,15's,51.57
958,1622,"100mg, Folic Acid 1.5mg and Zinc Sulphate 22.5mg Tablets",10's,30.94
959,1623,Fexofenadine Hydrochloride Suspension (30mg/5ml),100 ml,28.13
960,1624,Flupentixol 0.5mg and Melitracen 10mg Tablets,10's,18.75
961,1625,Fluticasone Propionate Cream IP 0.05%,10 g,18.75
962,1626,Formoterol Fumarate 6mcg and Budesonide 200mcg Inhaler,120 MD,154.69
963,1627,Formoterol Fumarate 6mcg and Budesonide 400mcg Inhaler,120 MD,164.07
964,1628,Formoterol Fumarate 12mcg and Budesonide 400mcg Powder for Inhalation IP,30's,93.75
965,1630,Formoterol Fumarate 6mcg and Budesonide 400mcg Powder for Inhalation IP,30's,79.69
966,1631,Formoterol Fumarate 20mcg and Budesonide 0.5mg Respirator Suspension,2 ml,14.07
967,1632,Formoterol Fumarate 20mcg and Budesonide 1mg Respirator Suspension,2 ml,18.75
968,1633,Formoterol Fumarate 6mcg and Fluticasone Propionate 250mcg Powder for,30's,103.13
969,1635,Inhalation Framycetin Skin Cream 1 %,30 g,0.0
970,1636,Fungal Diastase with Carminatives Syrup,200 ml,42.19
971,1637,"Fungal Diastase 180mg, Papain 60mg and Activated Charcoal 75mg Tablets",10's,0.0
972,1638,Fusidic Acid 2% w/w and Betamethasone Valerate 0.1% w/w Cream,15 g,33.75
973,1639,Gabapentin 100 mg and Nortryptyline 10 mg Tablet,15's,23.44
974,1640,Gabapentin 300mg and Methylcobalamin 500mcg Tablet,10's,37.5
975,1643,Glargine 100 IU Pre- filled Disposable 3ml Pen,Pre-filled Pen,415.0
976,1644,"Glibenclamide 5 mg, Metformin 500 mg and Pioglitazone 15 mg Tablet",10's,25.79
977,1645,Gliclazide 60mg (Modified Release) and Metformin 500mg (Extended Release) Tablets,10's,28.13
978,1646,"Metformin 500mg (Sustained Release), Glimepiride 2mg and Pioglitazone 15mg Tablets",10's,22.69
979,1647,Metformin 850mg (Prolonged release) and Glimepiride 3mg IP Tablets,10's,23.44
980,1650,Glucosamine 750mg and Chondroitin 100mg Tablets,10's,173.44
981,1657,"Guaifenesin 50mg, Terbutaline 1.25 mg and Bromhexine 2 mg Expectorant",100 ml,23.44
982,1659,Human Normal Immunoglobulin for Intravenous use IP 5%,100 ml,10000.0
983,1660,Human Normal Immunoglobulin IP 16.5% (For IM use),2 ml vial,0.0
984,1661,Hydroxypropylmethy lcellulose Eye Drop 0.3% w/v,10 ml,28.13
985,1662,Hydroxyzine Tablets IP 25mg,15's,11.25
986,1663,Hyoscine Butylbromide 10mg and Mefenamic Acid 250mg Tablets,10's,46.88
987,1664,Ibuprofen 100mg and Paracetamol/Aceta minophen 162.5mg Oral Suspension,100 ml,21.57
988,1665,Indacaterol 110mcg and Glycopyrronium 30 capsules 50mcg powder for Inhalation,and 1 inhaler,686.25
989,1668,"Carbonyl Iron 100mg, Folic Acid 1.5mg and Vitamin B12 15mcg with Zinc Capsules",10's,14.07
990,1669,Isosorbide 20mg and Hydralazine 37.5mg Tablets,10's,0.0
991,1670,Isotretinoin Capsules IP 20mg,10's,46.88
992,1671,Ivabradine Tablets 5mg,15's,84.38
993,1672,Ketoconazole Soap 75 2% L-Methylfolate,gm Pack,44.05
994,1673,"Calcium 2.8mg, Pyridoxal-5- Phosphate 25mg and Mecobalamin 2mg Tablets",10's,56.25
995,1674,"L-Methylfolate 1mg, Pyridoxal-5 Phosphate 0.5mg & Methylcobalamin 1500mcg Tablets",10's,37.5
996,1675,L- Ornithine L- Aspartate Infusion 5gm per 10ml,10 ml,93.75
997,1676,"Lactitol 10 gm and Ispaghula 3.5 gm Granules L-carnitine 340mg,",180 gm,187.5
998,1678,"Ubidecarenone 50mg, Zinc 5mg, Lycopene 2.5mg and Astaxanthin",10's,0.0
999,1679,8mg Tablets Lecithin Capsules 1000mg,10's,56.25
1000,1680,Levetiracetam Tablets IP 1000 mg,10's,112.5
1001,1681,Levetiracetam Tablets IP 250 mg,10's,28.13
1002,1682,Levetiracetam Tablets IP 750 mg,10's,84.38
1003,1683,Levocetirizine Dihydrochloride Tablets IP 10mg,15's,13.13
1004,1684,Levodopa 100mg and Carbidopa 25mg Tablets IP,10's,0.0
1005,1685,Levodropropizine 30mg and Chlorpheniramine Maleate 2mg Syrup,120 ml,38.44
1006,1686,Levosalbutamol 100mcg and 60 Beclomethasone 100mcg Rotacaps,s in container,58.13
1007,1687,Levosalbutamol 100mcg and Beclomethasone 50mcg Rotacaps,200 MDI,0.0
1008,1688,Levosalbutamol 100mcg and Beclomethasone 200mcg Rotacaps,30's,53.63
1009,1689,Levosalbutamol 1.25mg and 2ml Budesonide 0.5mg respules,respules,25.32
1010,1690,Levosalbutamol 100mcg and 60 Ipratropium 40mcg Rotacap,s in container,70.32
1011,1692,Levosalbutamol Respules 0.63mg per 2.5ml,2.5 ml,5.35
1012,1694,Linagliptin 2.5mg and Metformin 1000mg Tablets,10's,36.57
1013,1695,Linagliptin 2.5mg and Metformin 500mg Tablets,10's,32.82
1014,1696,"Linagliptin Tablets 5mg Megaldrate 540mg,",10's,35.63
1015,1701,Simethicone 50mg and Oxetacaine 10mg Oral Suspension,170 ml,39.38
1016,1703,"Metadoxine 500mg, Silymarin 140mg, L- Ornithin L- Aspartate 150mg Tablets Methylcobalamin",10's,0.0
1017,1704,"1500mcg with Alpha Lipoic Acid 100mg and B- Complex (Thiamine Mononitrate 10mg, Pyridoxine 3mg, Folic acid 1.5mg)",10's,61.88
1018,1706,Capsules Metoprolol 50mg (Extended Release) and Ramipril 5mg Tablet,10's,84.38
1019,1707,Metoprolol Succinate extended release capsules IP 50mg,10's,0.0
1020,1708,Metoprolol Succinate Prolonged release tablets IP 25mg,15's,15.47
1021,1709,Minoxidil Solution 5%,60 ml,150.0
1022,1710,Minoxidil 5% and Finasteride 0.1% Topical Solution,60 ml,215.63
1023,1711,Montelukast 4mg and Levocetirizine 2.5mg Syrup Janaushadhi,60 ml,18.75
1024,1712,"Mosquito Repellent Cream (N, N-Diethyl Benzamide12% w/wMosquito",50 gm,30.0
1025,1714,Repellent Cream) Naproxen 250 mg and Domperidone 10 mg Tablet,10's,28.13
1026,1715,Naproxen 500 mg and Domperidone 10 mg Tablet,10's,48.75
1027,1716,"Nebivolol 5 mg and S- Amlodipine 2.5 mg Tablet Neomycin 3400IU,",10's,23.44
1028,1717,Polymyxin B Sulfates 5000IU and Bacitracin Zinc 400IU Ophthalmic,5 g,17.54
1029,1718,Ointment Nicorandil Tablet IP 10mg,10's,46.88
1030,1719,Nicorandil Tablet IP 5mg,10's,37.5
1031,1720,Nicoumalone/Aceno coumarol Tablets IP 1 mg,10's,37.5
1032,1721,Nicoumalone/Aceno coumarol Tablets IP 3 mg,10's,60.94
1033,1722,Nicoumalone/Aceno coumarol Tablets IP 4 mg,30's,46.88
1034,1723,Nifedipine Sustained Release Tablets IP 10mg,15's,11.25
1035,1725,"Nimesulide 100 mg, Paracetamol 325 mg and Serratiopeptidase 15 mg Tablet",10's,23.44
1036,1729,Ofloxaxin 200mg and Flavoxate 200 mg Tablet,10's,60.94
1037,1730,"Olmesartan 40mg, Amlodipine 5mg and Hydrochlorothiazide 12.5mg Tablets",10's,42.19
1038,1731,Olmesartan Medoxomil 20mg and Chlorthalidone 12.5mg Tablets,10's,28.13
1039,1732,Olmesartan Medoxomil 40mg and Chlorthalidone 12.5mg Tablets,10's,42.19
1040,1733,Omeprazole Gastro- resistant 20mg and Domperidone Sustained Release,15's,25.79
1041,1737,30mg Capsules Oxaceprol Capsules 200mg,10's,93.75
1042,1738,L-Ornithine L- Aspartate 150mg and Pancreatin 100mg Tablets,10's,18.75
1043,1739,Pancreatin Capsules 10000,10's,84.38
1044,1740,Pancreatin Capsules 25000 Pantoprazole 20mg,10's,196.88
1045,1741,(Gastro-resistant) and Domperidone 10mg (Prolonged Release) Capsules,10's,18.75
1046,1742,IP Paracetamol Infusion IP 1 gm per 100 ml,100 ml,46.88
1047,1743,Paracetamol Drops 100 mg per ml Paracetamol 125,15 ml,12.19
1048,1744,"mg, Phenylephrine 2.5 mg and Chlorpheniramine 1 mg Drops",15 ml,18.75
1049,1745,"Paracetamol 125 mg, Phenylephrine 5 mg and Chlorpheniramine 1 mg Suspension",60 ML,20.63
1050,1747,Paracetamol 162.5 mg and Tramadol 18.75 mg Tablet,10's,9.38
1051,1749,"Paracetamol 250 mg, Phenylephrine 5 mg and Chlorpheniramine 2 mg Suspension",60 ML,23.44
1052,1751,Paracetamol 500mg and Caffeine 25mg Tablet IP,10's,11.25
1053,1752,Paracetamol 500mg and Chlorzoxazone 250mg Tablet,10's,15.0
1054,1753,"Paracetamol 500 mg, Phenylephrine 10 mg and Chlorpheniramine 2 mg Tablet",10's,13.13
1055,1755,Paracetamol Suspension IP 120 mg,60 ml,12.19
1056,1758,"Phenylephrine 5 mg,Chlorpheniramin e 2 mg and Dextromethorphan 10 mg Syrup",100 ml,23.44
1057,1759,"Phenylephrine 5 mg, Chlorpheniramine 2 mg and Dextromethorphan",100 ml,28.13
1058,1760,15 mg Syrup Piracetam Tablet 800 mg,10's,31.88
1059,1761,Pirfenidone Tablets IP 200mg,10's,0.0
1060,1762,Calcium Polystyrene Sulphonate Powder 15g per sachet,15 gm,41.25
1061,1763,Prazosin Extended Release Tablets 5mg Pregabalin 75 mg,10's,26.25
1062,1764,and Methylcobalamin 1500 mcg andNortriptyline10 mg Tablets,10's,42.19
1063,1765,Pregabalin 75mg and Methylcobalamin 750mcg Capsule IP,10's,36.1
1064,1767,Probiotic Microbes Capsules 5mg,10's,26.25
1065,1769,Prucalopride Tablet 2 mg,10's,112.5
1066,1770,Prucalopride Tablets 1mg,10's,84.38
1067,1774,Racecadotril Capsule IP 100 mg Metoprolol,15's,103.13
1068,1775,Succinate 25mg (Extended release) and Ramipril 2.5mg,10's,23.44
1069,1777,Tablets Ranitidine Syrup IP 75 mg per 5ml,100 ml,23.44
1070,1778,Ranolazine Extended Release Tablets 500mg,10's,51.57
1071,1780,Rivaroxaban Tablets 10mg,30's,196.88
1072,1781,Rivaroxaban Tablets 20mg,14's,140.63
1073,1782,"Rosehip Extract 275mg, Devil's Claw Extract (20%) 100mg and Boswellia serrata Extract (65%)",10's,84.38
1074,1783,307.5mg Capsules Rosuvastatin 20mg and Fenofibrate 160mg Tablets IP,10's,37.5
1075,1784,Rosuvastatin Tablets IP 40mg,10's,41.25
1076,1785,"Rosuvastatin 10mg, Aspirin 75mg and Clopidogrel 75mg Capsules",10's,46.41
1077,1786,"Rosuvastatin 20mg, Aspirin 75mg and Clopidogrel 75mg Capsules",10's,51.57
1078,1787,S (-) Amlodipine Tablets IP 5mg,15's,9.38
1079,1789,S(-) Amlodipine 2.5mg and Atenolol 50mg Tablets,10's,14.07
1080,1790,Saccharomyces Boulardii Capsule 250mg,5's,61.88
1081,1791,Saccharomyces Boulardii Powder 1’s 250mg,Sachet,14.07
1082,1792,Sacubitril 24mg and Valsartan 26mg Tablets,10's,67.5
1083,1793,Sacubitril 49mg and Valsartan 51mg Tablets,10's,131.25
1084,1794,Salbutamol 60 s Rotacaps 200mcg,in Container,22.5
1085,1795,"Salicylic acid 1.15%w/w, Dithranol 1.15%w/w and Coal Tar 5.3%w/w Ointment",30 gm,42.19
1086,1796,Salmeterol 50mcg and Fluticasone Propionate 100mcg Powder for,30's,70.32
1087,1797,Inhalation IP Saroglitazar Tablets 4mg,10's,0.0
1088,1799,Saxagliptin Tablets 5mg Sitagliptin,10's,87.19
1089,1801,Phosphate 50mg & Metformin Hydrochloride 1000mg Tablets,10's,56.25
1090,1802,Sitagliptin Phosphate 50mg & Metformin Hydrochloride 500mg Tablets,10's,51.57
1091,1803,Sitagliptin Phosphate Tablets IP 100mg,10's,75.0
1092,1804,Sitagliptin Phosphate Tablets IP 50mg,10's,40.32
1093,1805,Sodium Valproate Oral solution IP 200 ml 200mg per 5ml,Plastic Bottle,51.57
1094,1806,Sodium Valproate 200mg and Valproic acid 87mg Controlled Release Tablets,10's,23.44
1095,1807,Sodium Valproate 333mg and Valproic acid 145mg Controlled Release,10's,39.38
1096,1810,Tablets Tacrolimus Ointment 10 0.1% w/w,gm tube,93.75
1097,1811,Telmisartan 80mg and Amlodipine 5mg Tablets IP,10's,28.13
1098,1812,Telmisartan 80mg and Cilnidipine 10mg Tablets,10's,32.82
1099,1813,"Telmisartan Tablets IP 80mg Telmisartan 40mg,",10's,22.69
1100,1814,Chlorthalidone 12.5mg and Amlodipine 5mg Tablets,10's,22.5
1101,1815,"Telmisartan 40mg, Chlorthalidone 6.25mg and Amlodipine 5mg Tablets",10's,18.75
1102,1816,"Telmisartan 40mg, Cilnidipine 10mg and Chlorthalidone 6.25mg Tablets",10's,28.13
1103,1817,Terbinafine Hydrochloride Cream IP 1% w/w,10 gm,23.44
1104,1818,Tetrabenazine Tablets 25mg,10's,178.13
1105,1819,Ticagrelor Tablets IP 90 mg,10's,121.88
1106,1821,Tiotropium Bromide Inhalation 9mcg per actuation,200 mdi,206.25
1107,1822,Tiotropium Powder for Inhalation IP 18mcg Rotacaps,15's in Monocarton,65.63
1108,1824,Tolvaptan Tablets 15mg,10's,196.88
1109,1825,Torsemide 10mg and Spironolactone 50mg Tablets,15's,30.0
1110,1827,Torsemide Tablets IP 40mg,15's,46.88
1111,1828,Torsemide Tablets IP 5mg,15's,9.38
1112,1829,Travoprost Ophthalmic Solution IP 0.004%w/v,2.5 ml,159.38
1113,1830,Trimetazidine Hydrochloride Controlled Release Capsules 60mg,10's,41.25
1114,1831,"Trypsin 48mg, Bromelain 90mg, Rutoside Trihydrate 100mg and Diclofenac Sodium",10's,46.88
1115,1833,50mg Tablets Ursodeoxycholic Acid Tablets IP 150mg,15's,100.0
1116,1834,Valacyclovir Tablets 1000mg,3's,103.13
1117,1837,Vildagliptin 50mg and Metformin Hydrochloride 850mg Tablets IP,15's,30.0
1118,1841,Vitamin D3 Oral Solution 60000 IU,5 ml,23.44
1119,1842,Vitamine B Complex injection (IM/IV) Use,2 ml,0.0
1120,1843,"Voglibose 0.2mg, Glimepiride 1mg and Metformin Hydrochloride 500mg (Sustained Release) Tablets",10's,28.13
1121,1844,"Voglibose 0.2mg, Glimepiride 2mg and Metformin Hydrochloride 1000mg (Sustained Release) Tablets",10's,23.44
1122,1845,"Voglibose 0.3mg, Glimepiride 2mg and Metformin Hydrochloride 1000mg (Sustained",10's,33.75
1123,1846,Release) Tablets Zoledronic Acid Injection IP 4 mg per vial,4mg/vial,200.0
1124,1848,Etophyllin 84.7mg and Theophylline 25.3mg Injection per ml,2 ml,3.75
1125,1849,Vitamin-C Chewable Tablets 500mg,10's,14.07
1126,1850,Thyroxine Sodium Tablets IP 12.5mcg,100's Bottle,60.94
1127,1851,Thyroxine Sodium Tablets IP 25mcg,100's Bottle,42.19
1128,1852,Thyroxine Sodium Tablets IP 75mcg,100's Bottle,56.25
1129,1853,Thyroxine Sodium Tablets IP 125mcg,100's Bottle,71.25
1130,1854,Alfuzosin Prolonged- release Tablets IP 10mg,10's,42.19
1131,1855,Alfuzosin 10mg and Dutasteride 0.5mg Tablets,10's,56.25
1132,1856,Disodium Hydrogen Citrate Syrup 100ml 1.53gm per 5ml,Bottle,28.13
1133,1857,Citric Acid 334mg and Potassium 200ml Citrate 1100mg Syrup per 5ml,Bottle,46.88
1134,1858,Darifenacin Prolonged Release Tablets IP 7.5mg,10's,89.07
1135,1859,Disodium Hydrogen Citrate Syrup 100ml 1.37gm per 5ml,Bottle,42.19
1136,1860,Dutasteride Capsule IP 0.5 mg,10's,46.88
1137,1861,Finasteride Tablets IP 1mg,10's,14.07
1138,1862,Mirabegron Extended-release Tablets 25 mg,10's,93.75
1139,1863,Mirabegron Extended-release Tablets 50 mg,10's,135.94
1140,1864,Potassium Citrate 1100mg and 200ml Magnesium Citrate 375mg Oral Solution,Bottle,51.57
1141,1865,Silodosin Capsules 4 mg,10's,46.88
1142,1866,Silodosin Capsules 8 mg,10's,70.32
1143,1867,Silodosin 4mg and Dutasteride 0.5mg Capsules,10's,93.75
1144,1868,Silodosin 8mg and Dutasteride 0.5mg Capsules,10's,131.25
1145,1869,Solifenacin Succinate Tablets IP 5 mg,10's,60.94
1146,1870,Solifenacin Succinate Tablets IP 10 mg Tamsulosin,10's,75.0
1147,1871,Hydrochloride 0.4mg and Tolterodine Tartrate 2mg Extended Release Capsules,10's,56.25
1148,1872,Tamsulosin Hydrochloride 0.4mg and Tolterodine Tartrate 4mg Extended Release,10's,75.0
1149,1873,Capsules Tolterodine Tartrate Extended Release Capsules 2mg,10's,46.88
1150,1874,Tolterodine Tartrate Extended Release Capsules 4 mg,10's,65.63
1151,1875,Azithromycin Eye Drops 1% w/v,3ml Drops,28.13
1152,1876,Betaxolol Eye Drops IP 0.5% w/v,5ml Drops,18.75
1153,1877,Brinzolamide Ophthalmic Suspension IP 1% w/v,5ml Drops,37.5
1154,1878,Bromfenac 0.09% w/v and Moxifloxacin 0.5% w/v Eye Drops,5ml Drops,42.19
1155,1879,Chloramphenicol 0.5% w/v and Dexamethasone 0.1% w/v Eye/Ear Drops,5ml Drops,14.07
1156,1880,Epalrestat Sustained Release Tablets 150 mg,10's,79.69
1157,1881,Gatifloxacin 0.3% w/v and Dexamethasone 0.1% w/v Eye Drops,5ml Drops,18.75
1158,1882,Gatifloxacin 0.3 % w/v and 10ml Prednisolone 1% w/v Eye Drops,Drops,23.44
1159,1883,Gentamicin 0.3% w/v and 10ml Dexamethasone 0.1% w/v Eye Drops,Drops,0.0
1160,1884,Homatropine Hydrobromide Eye Drops IP 2% w/v,5ml Drops,26.0
1161,1886,Levofloxacin Eye Drops 0.5 % w/v,5ml Drops,23.44
1162,1887,Moxifloxacin 0.5% w/v and Dexamethasone 0.1% w/v Eye Drops,5ml Drops,18.75
1163,1888,Natamycin Ophthalmic Suspension IP 5% w/v,5ml Drops,52.5
1164,1889,Artesunate Injection Vial IP 120mg,with Diluent,46.88
1165,1890,Arteether Injection 1ml 75mg per ml Artesunate 200mg,Ampoule,9.38
1166,1892,"Tablets, Sulfadoxine 500mg and Pyrimethamine 25mg Tablets IP",KIT,42.19
1167,1893,Combi kit Primaquine Phosphate Tablets IP 7.5 mg,10's,12.19
1168,1894,Primaquine Phosphate Tablets IP 2.5 mg,10's,9.38
1169,1897,Quinine Sulphate Tablets IP 600 mg,10's,50.0
1170,1898,Agomelatine Tablets 25 mg,10's,61.88
1171,1899,Alprazolam 0.25mg and Propranolol Hydrochloride 20mg Tablets,10's,15.0
1172,1900,Alprazolam 0.25mg and Propranolol Hydrochloride 10mg Tablets,10's,14.07
1173,1901,Alprazolam 0.5mg and Sertraline Hydrochloride 25mg Tablets,10's,23.44
1174,1902,Alprazolam 0.5mg and Sertraline Hydrochloride 50mg Tablets,10's,32.82
1175,1903,Amisulpride Tablets IP 100 mg,10's,37.5
1176,1904,Amisulpride Tablets IP 200 mg,10's,65.63
1177,1905,Amitriptyline Hydrochloride Tablets IP 75 mg,10's,18.75
1178,1906,Amitriptyline Hydrochloride Tablets IP 50 mg,10's,14.07
1179,1907,Amitriptyline Hydrochloride Tablets IP 5 mg,10's,0.0
1180,1908,Amitriptyline Hydrochloride 25mg Chlordiazepoxide 10mg Tablets,10's,9.38
1181,1909,Amoxapine Tablets IP 50mg,10's,48.29
1182,1910,Amoxapine Tablets IP 100mg,10's,69.38
1183,1911,Aripiprazole Tablets IP 2.5 mg,10's,9.38
1184,1912,Aripiprazole Tablets IP 10 mg,10's,23.44
1185,1913,Aripiprazole Tablets IP 15 mg,10's,32.82
1186,1914,Aripiprazole Tablets IP 20 mg,10's,42.19
1187,1915,Aripiprazole Tablets IP 7.5 mg,10's,21.57
1188,1916,Aripiprazole Tablets IP 30 mg,10's,28.13
1189,1919,Bromocriptine Mesylate Tablets IP 1.25 mg,10's,32.82
1190,1920,Bupropion Prolonged-release Tablets IP 150 mg,10's,42.19
1191,1921,Chlordiazepoxide Tablets IP 25 mg,10's,23.44
1192,1922,Chlorpromazine Tablets IP 100 mg,10's,6.19
1193,1923,Chlorpromazine Tablets IP 50 mg,10's,5.16
1194,1924,Chlorpromazine Tablets IP 25 mg,10's,3.38
1195,1927,Cinnarizine 20mg and Dimenhydrinate 40mg Tablets,10's,18.75
1196,1928,Citalopram Tablets IP 20mg,10's,18.75
1197,1930,Citicoline Injection 2ml IP 250mg per ml,Ampoule,37.5
1198,1931,Clonazepam Mouth Dissolving Tablets 0.25 mg,10's,9.38
1199,1932,Clomipramine Hydrochloride Tablets 10mg,10's,11.25
1200,1933,Clomipramine Hydrochloride Tablets 25mg,10's,18.75
1201,1934,Clomipramine Hydrochloride Tablets 50mg,10's,32.82
1202,1935,Clozapine Tablets IP 25 mg,10's,14.07
1203,1936,Clozapine Tablets IP 50 mg,10's,23.44
1204,1937,Clozapine Tablets IP 100 mg,10's,37.5
1205,1938,Diazepam Tablets IP 2 mg,10's,6.57
1206,1939,Diazepam Tablets IP 10 mg,10's,18.75
1207,1940,Doxepin Capsules IP 10mg,10's,14.07
1208,1941,Doxepin Capsules IP 25mg,10's,37.5
1209,1942,Doxepin Capsules IP 75mg,10's,56.25
1210,1943,Duloxetine Gastro Resistant Tablets IP 30mg,10's,28.13
1211,1944,Escitalopram Tablets IP 5 mg,10's,7.5
1212,1945,Etizolam Tablets IP 0.25mg,10's,6.57
1213,1946,Lamotrigine Dispersible Tablets IP 25mg,10's,14.07
1214,1947,Lamotrigine Dispersible Tablets IP 50mg,10's,18.75
1215,1948,Levosulpiride Tablets 50 mg,10's,20.63
1216,1949,Levosulpiride Tablets 75 mg,10's,30.94
1217,1950,Mirtazapine Tablets IP 30 mg,10's,42.19
1218,1951,Rifaximin Tablets 200 mg,10's,65.63
1219,1952,Rifaximin Tablets 550 mg,10's,159.38
1220,1953,Olanzapine 5mg and Fluoxetine 20mg Tablets IP,10's,18.75
1221,1954,Phenytoin Injection 2ml IP 100mg per 2 ml Paroxetine,Ampoule,7.5
1222,1955,Extended Release 12.5mg and Clonazepam 0.25mg,10's,37.5
1223,1957,Tablets Risperidone Tablets IP 1mg,10's,7.5
1224,1958,Risperidone Tablets IP 2 mg Eicosapentaenoic,10's,9.38
1225,1959,Acid 180mg and Docosahexaenoic Acid 120mg Soft Gelatin Capsule,30's Bottle,112.5
1226,1960,Aloe Vera 10% W/W and Vitamin E 1% 60 W/W Moisturising Cream,gm Tube,50.0
1227,1961,Methylcobalamin Tablet 1500mcg,10's,23.44
1228,1962,Methylcobalamin Tablet 500mcg,10's,14.07
1229,1963,N-Acetylcysteine 150Mg And Taurine 500Mg Tablets,10's,28.13
1230,1964,Biphasic Insulin 3ml Lispro Injection IP 100IU per ml (25:75),Pre-Filled Cartridge,0.0
1231,1965,Insulin Aspart Injection IP 100IU per ml,10ml Vial,0.0
1232,1966,Repaglinide Tablet IP 0.5mg,10's,14.07
1233,1967,Repaglinide Tablet IP 1mg,10's,23.44
1234,1968,Repaglinide Tablet IP 2mg Repaglinide 1mg,10's,32.82
1235,1969,and Metformin Hydrochloride (Sustained-release) 500mg Tablets IP,10's,28.13
1236,1970,Repaglinide 2mg and Metformin Hydrochloride (Sustained-release) 500mg Tablets IP,10's,32.82
1237,1971,"Amoxycillin 200Mg , Clavulanic Acid 28.5Mg And Lactic 30 Acid Bacillus 60 Million Spore Dry syrup",ml Bottle,30.0
1238,1972,"Amoxycillin 500mg, Clavulanic Acid 125mg and Lactic Acid Bacillus 60 Million Spores Tablets",10's,93.75
1239,1973,"Amoxycillin 200Mg , Clavulanic Acid 28.5Mg And Lactic 30 Acid Bacillus 30 Million Spore Dry syrup",ml Bottle,0.0
1240,1974,"Amoxycillin 250mg, Cloxacillin 250mg And Lactic Acid Bacillus 100 Million Spore Capsules",6's,0.0
1241,1975,"Amoxycillin 125Mg , Cloxacillin 125Mg And Lactic Acid Bacillus 60 Million Spore Tablets",10's,0.0
1242,1976,"Amoxycillin 250Mg, Dicloxacillin 250Mg And Lactic Acid Bacillus 60 Million",10's,32.82
1243,1978,Spore Capsule Cefdinir Capsule IP 300mg,10's,140.63
1244,1979,Cefdinir Oral 30ml Suspension IP Reconstitution 125mg per 5ml,with Water for,58.13
1245,1980,Tolperisone Tablet 150mg,10's,14.07
1246,1981,Cefixime 50Mg And Clavulanic 30ml Acid31.25Mg Dry Reconstitution syrup,with Water for,37.5
1247,1982,Cefixime 100Mg And Clavulanic Acid 62.5 Mg Tablets,10's,65.63
1248,1984,Cefprozil Oral Suspension 125mg per 5ml,30ml,51.57
1249,1985,Cefprozil Oral Suspension 250mg per 5ml,30ml,93.75
1250,1986,Cefprozil Tablet 500 mg,6's,168.75
1251,1987,Cefprozil Tablet 250 mg,10's,140.63
1252,1989,Ceftazidime 250mg And Tazobactum 31.25mg Injection,Vial & Wfi,32.82
1253,1990,Ceftazidime 1000 mg And Tazobactum Vial 125 mg Injection,with WFI,84.38
1254,1991,Moxifloxacin 400mg and Cefixime 400mg Tablet,10's,159.38
1255,1992,"Bacitracin 400 IU, Neomycin 3400 IU and Polymyxin B 10 5000 IU Opthalmic Ointment",gm Tube,48.75
1256,1993,Glycolic Acid 1% w/w and Aloe Vera 100gm 5% w/w Face Wash,Tube,56.25
1257,1994,"Glycolic Acid 1% w/w, Aloe Vera 5% 60ml w/w and Salicylic Acid 2% w/w",Flip top Lemitube,0.0
1258,1995,"Facewash Selenium Sulphide 60ml Shampoo 1% w/w Aceclofenac 100Mg,",Flip top Jar,89.07
1259,1996,Paracetamol 325Mg And Trypsin- Chymotrypsin,10's,37.5
1260,1999,150000Au Tablets Carboprost Injection 0.5ml 125mcg,Ampoule,45.94
1261,2000,Dinoprostone Gel 3gm 0.5 mg (Pre-filled syringe),Pre-filled Syringe,113.44
1262,2002,Ethinylestradiol 0.035 Mg And Cyproterone 2 Mg Tablet,21's Monopack,90.0
1263,2003,Calcium 500mg and Vitamin D3 500IU Tablets IP,10's,7.5
1264,2004,Ranolazine Extended Release Tablets 1000mg,10's,70.32
1265,2005,Potassium Nitrate Toothpaste 5% w/w,100gm,42.19
1266,2006,Sodium Bicarbonate Tablet 500 mg,10's,9.38
1267,2007,Sodium Bicarbonate Tablet 1000 mg,10's,14.07
1268,2008,"Simethicone 40Mg , Dill Oil 0.005Ml And 30ml Fennel Oil 0.0007Ml Drops",Oral Drops,18.75
1269,2009,Silymarin Tablet 140 mg,10's,28.13
1270,2010,Racecadotril Sachet 1gm IP 10mg,Sachet,4.69
1271,2011,Racecadotril Sachet 1gm IP 15mg,Sachet,5.16
1272,2012,Racecadotril Sachet 3gm IP 30mg,Sachet,5.63
1273,2014,Daclatasvir Tablets 60 mg,28's Bottle,871.88
1274,2015,Nebivolol 5mg and Telmisartan 40mg Tablets,10's,46.88
1275,2016,Minoxidil Tablets IP 10mg,10's,18.75
1276,2017,Ulipristal Acetate Tablets 5mg,10's,445.32
1277,2018,Mesalazine Prolonged release Tablets IP 500mg,10's,70.32
1278,2020,Desmopressin Tablets 0.1 mg,15's in bottle,0.0
1279,2022,Ropinirole Tablets IP 1 mg,10's,18.75
1280,2023,Ropinirole Tablets IP 2 mg,10's,28.13
1281,2024,Ropinirole Tablets IP 4 mg,10's,0.0
1282,2025,Bimatoprost 0.03% w/v and Timolol 0.5% w/v Ophthalmic Solution,5ml Drops,159.38
1283,2026,Etoposide Capsules IP 50 mg,8's,202.5
1284,2027,Mesalazine Delayed release Tablets 800 mg,10's,91.41
1285,2028,Tacrolimus Capsule IP 2 mg,10's,178.13
1286,2029,Tacrolimus Capsule IP 1 mg,10's,103.13
1287,2030,Tacrolimus Capsule IP 0.25 mg,10's,42.19
1288,2031,Sofosbuvir 400mg and Velpatasvir 100mg Tablets,28's Bottle,0.0
1289,2032,Atazanavir 300mg and Ritonavir 100mg Tablets IP,30's Bottle,768.75
1290,2033,Sodium Hyaluronate 10ml Eye Drops 0.1% w/v,Drops,46.88
1291,2034,Voriconazole Tablets IP 200mg Potassium Citrate,4's,328.13
1292,2035,1100 mg and Magnesium Citrate 375 mg and Pyridoxine Hydrochloride 20mg,200ml,60.94
1293,2037,Syrup per 5ml Esomeprazole Gastro-Resistance Tablets IP 20mg,10's,9.38
1294,2038,Pantoprazole Gastro-Resistance Tablets IP 20mg,10's,6.57
1295,2040,L-Ornithine L- Aspartate 150mg and Pancreatin 100mg Tablets,10's,28.13
1296,2041,Tadalafil 10Mg And Dapoxetine 30 Mg Tablets,4's,65.63
1297,2043,Domperidone 10mg and Paracetamol 325mg Tablets,10's,0.0
1298,2044,Levonorgestrel Tablet IP 1.5 mg Ferrous Asparto,1's in Monopack,20.0
1299,2045,"Glycinate 100 mg, L- Methylfolate Calcium 300mcg, Methylcobalamin 500mcg Tablet",10's,37.5
1300,2046,"Riboflavin 10Mg,Folic Acid 1.5Mg, Niacinamide 100Mg & Lactic Acid Bacillus 60 Million",10's,22.5
1301,2047,Spores Tablets Cholecalciferol Soft Gelatin Capsule 60000 IU,4's,18.75
1302,2048,Methotrexate Tablets IP 2.5mg,10's,15.0
1303,2049,Divalproex Prolonged release Tablets IP 500mg,10's,60.94
1304,2050,Amlodipine Tablet IP 10mg L-Carnitine-L-,10's,9.38
1305,2051,"Tartrate 1000Mg, Co-Enzyme Q10 60Mg, Zinc Oxide (As Elemental Zinc) 12.5Mg,Lycopene25",10's,194.07
1306,2052,00Mcg Tablets Atorvastatin10mg And Cholecalciferol 1000 IU Tablet,10's,18.75
1307,2053,Telmisartan 40mg and Atorvastatin 10mg Tablet,10's,14.07
1308,2054,"Mecobalamin 1500 mcg, Alpha Lipoic Acid 100mg, Inositol 100mg, Folic Acid 1.5mg, Chromium Picolinate 200mcg, Selenium Dioxide 55mcg and",10's,56.25
1309,2055,Benfotiamine 150 mg Soft gel Capsule Halobetasol Propionate Ointment 15gm 0.05% w/w,Lemi Tube,28.13
1310,2056,"Chlorhexidine Gluconate 1% w/w, Metronidazole 1% 15 gm w/w and Lidocaine 2% w/w dental Gel Ofloxacin 0.3% w/v,",Lami Tube,18.75
1311,2058,"Dexamethasone 0.1% w/v, Benzalkonium Chloride (As Preservative) 0.005% w/v Eye",5ml Drops,9.38
1312,2059,Drops Povidone Iodine 100ml Gargle 2% w/v,Bottle,37.5
1313,2060,Paracetamol Tablets IP 1000 Mg,10's,15.0
1314,2061,Ketorolac Tromethamine Dispersible Tablet 10 mg,10's,9.38
1315,2065,Lopinavir and Ritonavir Tablets IP (200mg + 50mg),60's in Bottle,890.63
1316,2066,Lignocaine Hydrochloride Injection IP (20ml),30 ml Vial,16.38
1317,2072,"Atorvastatin 10mg, Aspirin 75mg and Clopidogrel 75mg Capsules",10's,35.63
1318,2073,Atorvastatin 20mg and Aspirin 150mg Capsules IP,10's,18.75
1319,2074,Atorvastatin 20mg and Aspirin 75mg Capsules IP,10's,17.35
1320,2076,Atorvastatin Tablets IP 5mg,10's,9.38
1321,2077,Benzoyl Peroxide 20gm Gel IP 2.5% w/w,Tube,20.63
1322,2078,Bifonazole IP 1% 30gm w/w Cream,Lami Tube,37.5
1323,2079,Bisacodyl Suppositories IP 10mg,5's,23.44
1324,2080,Bisoprolol 5mg and Hydrochlorothiazide 12.5mg Tablets,10's,18.75
1325,2081,Calcipotriol 0.005% and Clobetasol 15gm Propionate 0.05 % Ointment,Lami-tube,170.63
1326,2082,Calcium Dobesilate Monohydrate Capsules 500mg,10's,37.5
1327,2083,"Calcium Citrate Malate 250mg , Vitamin D3 100IU and Folic Acid 50mcg Tablets",10's,18.75
1328,2084,Carbamazepine Prolonged release Tablets IP 400mg,10's,24.47
1329,2085,Carbidopa 10mg and Levodopa 100mg Tablets IP,10's,0.0
1330,2086,"Carica papaya leaf Extract 1100mg, Goat Milk 250mg and Tinospora Cordifolia 250mg",10's,0.0
1331,2087,Extract Tablets Papaya Leaf Extract 1100mg Tablets,15's,0.0
1332,2088,Carvedilol Phosphate Extended Release Tablets 10mg,10's,15.94
1333,2089,Carvedilol Phosphate Extended Release Tablets 20mg,10's,23.44
1334,2090,Carvedilol Tablets IP 12.5 mg,10's,14.07
1335,2091,Cilnidipine 10mg and Chlorthalidone 12.5mg Tablets,10's,18.75
1336,2092,Metoprolol Succinate (extended release) 25mg and Cilnidipine 10mg Tablets,10's,18.75
1337,2093,Metoprolol Succinate (extended release) 50mg and Cilnidipine 10mg Tablets,10's,21.57
1338,2094,Cinnarizine 20mg and Domperidone 15mg Tablet,10's,9.38
1339,2095,Clotrimazole 1% w/v and Lignocaine 10ml Hydrochloride 2% w/v Ear Drops,Drops,14.07
1340,2096,"Cod liver oil 300MG, Evening primrose oil 300MG, Omega-3 fatty acid 90MG and Vitamin E 10MG Soft Gelatin Capsules",10's,42.19
1341,2097,"Combipack of Clarithromycin 500mg Tablets IP, Combipack Esomeprazole 40mg Tablets Tablets IP (Gastro resistant) and Amoxycillin 750mg",of 6 in Mono Carton,79.69
1342,2098,Tablets IP Dabigatran Etexilate Mesilate Capsules 75 mg,10's,122.82
1343,2099,Dapagliflozin 10mg and Metformin Hydrochloride (Extended Release) 1000mg Tablets,10's,51.57
1344,2100,Dapagliflozin 10mg and Metformin Hydrochloride (Extended Release),10's,47.82
1345,2101,500mg Tablets Dapagliflozin Tablets 5mg,10's,23.44
1346,2102,Desloratadine Tablets 5mg,10's,14.07
1347,2103,Diclofenac Sodium Suppositories 100mg,5's,0.0
1348,2104,Divalproex Sodium Extended Release Tablets IP 250 mg,10's,23.44
1349,2105,Dosulepin (Dothiepin) Tablets IP 50mg,10's,28.13
1350,2106,Doxofylline (Sustained-release) 400mg and Montelukast 10mg Tablets,10's,60.94
1351,2107,Etizolam 0.5mg and Propranolol Hydrochloride 20mg Tablets,10's,18.75
1352,2108,Frusemide 20mg and Spironolactone 25mg Tablets,10's,0.0
1353,2109,Glucosamine Tablets USP 500mg,30's in Bottle,75.0
1354,2110,Isosorbide Mononitrate Sustained release Tablets 50mg,10's,0.0
1355,2111,Isotretinoin Capsules IP 10mg,10's,28.13
1356,2112,Ketorolac Tromethamine Ophthalmic Solution 0.4% w/v,5ml Drops,0.0
1357,2113,Lacosamide Tablets 100mg,10's,52.5
1358,2114,Methotrexate Tablets IP 10mg,10's,30.0
1359,2115,Methotrexate Tablets IP 5mg,10's,20.0
1360,2116,Methylprednisolone Tablets IP 16mg Metoprolol,10's,37.5
1361,2117,"Succinate (Extended-relase) 50mg, Telmisartan 40mg and Chlorthalidone 12.5mg Tablets",10's,23.44
1362,2118,Metoprolol Succinate Extended Release Tablets IP 12.5mg,10's,9.38
1363,2119,Miconazole Nitrate 15gm Cream IP 2% w/w Mometasone,Tube,11.25
1364,2120,Aqueous Nasal Spray IP 0.05%w/v (nasal suspension in a pressurise container),120 MDI,95.63
1365,2122,Mycophenolate Sodium Gastro- resistant Tablets 360mg,10's,145.0
1366,2123,Metformin Hydrochloride (sustained-relase) 500mg and Myo- Inositol 600mg,10's,82.5
1367,2124,Tablets Nitroglycerin Controlled Release Tablets 6.4 mg,30's in Bottle,51.57
1368,2125,Nortriptyline Tablets IP 10mg,10's,9.38
1369,2126,Ondansetron Orally disintegrating Tablets IP 8mg,10's,10.32
1370,2127,Oxcarbazepine Tablets IP 150mg,10's,36.1
1371,2128,Paracetamol 650mg and Caffeine 50mg Tablets IP,10's,17.82
1372,2129,Pirfenidone Tablets IP 400mg,10's,159.38
1373,2130,"Potassium Magnesium Citrate 978mg, D-Mannose 5gm 300mg with Cranberry extract",Sachet,0.0
1374,2131,200mg Sachet Prednisolone Sodium Phosphate 10ml Eye Drops IP 1%w/v,Drops,14.07
1375,2132,Pregabalin (Sustained release) 75mg and Methylcobalamin,10's,46.88
1376,2133,1500mcg Tablets Pregabalin Tablets IP 150mg,10's,28.13
1377,2134,Ribavirin Capsules USP 200mg,4's,50.0
1378,2135,Spironolactone 50mg and Torasemide 20mg Tablets,10's,39.38
1379,2136,Sumatriptan 85mg and Naproxen 500mg Tablets,2's,46.88
1380,2137,"Telmisartan 40mg, Cilnidipine 10mg and Chlorthalidone 12.5mg Tablets",10's,28.13
1381,2138,Torsemide Tablets IP 100mg,10's,46.88
1382,2139,Valsartan Tablets IP 40 mg,10's,18.75
1383,2140,Verapamil Tablets IP 40mg,10's,4.22
1384,2141,Warfarin Tablets IP 1mg,10's,14.07
1385,2142,Warfarin Tablets IP 2mg,10's,14.07
1386,2143,Zinc Sulphate Dispersible Tablets IP 20mg,10's,9.38
1387,2144,Pyridostigmine Bromide Tablets IP 60mg,10's,67.5
1388,2145,Budesonide Powder for Inhalation IP 400mcg (Rotacaps),30's,102.55
1389,2146,Combikit of Eplerenone Tablets Combikit 25mg and Tablets Torsemide Tablets,of 20 in Mono Carton,0.0
1390,2147,IP 10mg Estradiol Tablets 2mg,28's,103.13
1391,2148,Atorvastatin Tablets IP 80mg Pre & Pro-Biotic Capsules (Bacillus,10's,32.82
1392,2149,"Mesentericus - 2M, Clostridium Butyricum - 4M, Lactobacillus Sporogenes - 100M, Streptococcus",10's,51.57
1393,2150,Faecalis - 60M) Beclomethasone Dipropionate Inhalation IP 200mcg,200 MDI,140.63
1394,2151,Beclomethasone Dipropionate Inhalation IP 100mcg,200 MDI,124.69
1395,2152,Beclomethasone Dipropionate 100mcg Rotacaps IP,30's in Plastic container,0.0
1396,2153,Beclomethasone Dipropionate container Rotacaps 200mcg monocarton,30's in Plastic with,66.43
1397,2154,Beclomethasone Dipropionate container Rotacaps 400mcg monocarton,30's in Plastic with,67.94
1398,2155,Benidipine Hydrochloride Tablets 4mg,10's,14.07
1399,2156,Bilastine 20mg Montelukast 10mg Tablets,10's,46.88
1400,2158,Calcium Pantothenate 100mg Tablets IP,10's,14.07
1401,2159,"Cefpodoxime 200mg and Ofloxacin 200mg Tablets Clindamycin 100mg,",10's,100.32
1402,2160,Clotrimazole 100mg and Tinidazole 100mg Soft Gelatin Capsule (For,7's,65.63
1403,2161,Vaginal Use) Diethylcarbamazine 150mg Tablets,10's,10.0
1404,2162,Eberconazole 30g Cream 1% w/w,Lemitube,121.88
1405,2163,Enalapril Maleate Tablets IP 2.5mg Esomeprazole,10's,6.57
1406,2164,Magnessium 40mg (Enteric Coated ) and Itopride Hydrochloride 150mg (Sustained Release) Capsules.,10's,46.88
1407,2165,Evogliptin 5mg and Metformin Hydrochloride Sustained Release 1000mg Tablets,10's,0.0
1408,2166,Evogliptin 5mg and Metformin Hydrochloride Sustained Release,10's,0.0
1409,2167,500mg Tablets Evogliptin Tartarate 5mg Tablets,10's,0.0
1410,2168,Fenofibrate Capsules IP 200mg,10's,23.44
1411,2169,Flupirtine Maleate Capsules 100mg,10's,32.82
1412,2170,Glimepiride IP 0.5mg Tablets,10's,3.29
1413,2171,Glucosamine Sulphate 1500mg Tablets,10's,0.0
1414,2172,Di-Hydralazine Hydrochloride 25mg Tablets USP,10's,0.0
1415,2173,Ibandronic Acid Tablets 150mg,1's,304.69
1416,2174,Ilaprazole Tablets 10mg,10's,23.44
1417,2175,Iron Sucrose Injection,1's,30.94
1418,2176,Labetalol IP 200mg Tablets,10's,56.25
1419,2177,Lornoxicam 8mg and Paracetamol 325mg Tablets,10's,23.44
1420,2178,Meloxicam 7.5mg Tablets BP,10's,0.0
1421,2179,Meloxicam 15mg Tablets BP,10's,0.0
1422,2180,Mesalamine Delayed Release Tablets 400mg,10's,37.5
1423,2181,Metformin Hydrchloride 500mg (Sustained-release) and Glimipride 3mg Tablet IP,10's,28.13
1424,2182,Metformin Hydrchloride 500mg (Sustained-release) and Glimipride 4mg,10's,32.82
1425,2183,Tablet IP Metolazone 2.5mg Tablets IP Moxifloxacin 0.5,10's,0.0
1426,2184,%w/v and Prednisolone Acetate 1%w/v Eye,5ml Drops,18.75
1427,2185,Drops Moxonidine Tablets 0.2mg,10's,33.75
1428,2186,Oxcarbazepine Tablets IP 450mg,10's,106.88
1429,2187,Oxcarbazepine Tablets IP 600 mg,10's,115.32
1430,2188,Paroxetin Prolonged-release Tablets IP 25mg,10's,37.5
1431,2189,Paroxetine Prolonged-release Tablets IP 12.5mg,10's,23.44
1432,2190,Pramipexole Dihydrochloride Tablets 0.25mg,10's,45.94
1433,2191,Progesterone 2ml 100mg/2ml Injection Mono IP,Ampoule in blister,0.0
1434,2192,Ramipril Tablets IP 10mg,10's,18.75
1435,2193,Remogliflozin Etabonate 100mg and Vildagliptin 50mg Tablets,10's,0.0
1436,2194,Remogliflozin Etabonate 100mg and Metformin Hydrochloride 1000mg Tablets,10's,0.0
1437,2195,Remogliflozin Etabonate 100mg Tablets Remogliflozin,10's,0.0
1438,2196,Etabonate Tablets 100mg and Metformin Hydrochloride,10's,0.0
1439,2197,500mg Tablets Risperidone Tablets IP 3 mg,10's,10.32
1440,2198,Ropinirole Tablets IP 0.5mg,10's,14.07
1441,2199,Ropinirole Tablets 0.25mg,10's,0.0
1442,2200,Selegiline Hydrochloride 5mg Tablets,10's,28.13
1443,2201,Sevelamer Carbonate Tablets 400mg Propranolol,10's,51.57
1444,2202,Hydrochloride 40mg Sustained Release) and Flunarizine Dihydrochloride 10mg Tablets,10's,18.75
1445,2203,"Telmisartan 80mg, Amlodipine 5mg and Hydrochlorothiazide 12.5mg Tablets",10's,37.5
1446,2204,TenofovirAlafenamid eTablets IP 25mg,30's in Bottle,562.5
1447,2205,Verapamil Hydrochloride Prolonged Release 120mg Tablets IP,15's,0.0
1448,2206,Vitamin E Capsules 600mg Metformin,10's,26.25
1449,2207,"Hydrochloride 500mg (Sustained Release), Voglibose 0.3mg and Glimepiride 1mg and Tablets",10's,23.44
1450,2208,"Metformin Hydrochloride 500mg (Sustained Release), Voglibose 0.3mg and Glimepiride 2mg and",10's,28.13
1451,2209,Tablets Ziprasidone 20mg Capsules,10's,42.19
1452,2210,Perindopril Erbumine 8mg Tablets,10's,75.0
1453,2211,Perindopril Erbumine 4mg and Indapamide 1.25mg Tablets,10's,65.63
1454,2212,Micronized Purified flavanoid Fraction Tablets ( MPFF Diosmin 450mg and Hesperidin 50mg,10's,70.32
1455,2213,"Tablets) Ziprasidone 40mg Capsules Guaifenesin 50mg,",10's,65.63
1456,2216,Terbutaline 1.25 mg and Ambroxol 30 mg Syrup per 5ml (Suger free),100 ml,28.13
1457,2217,"Guaifenesin 100mg, Terbutaline 1.25 mg and Ambroxol 15mg Syrup per 5ml (Suger free)",100 ml,28.13
1458,2218,Sacubitril 97mg and Valsartan 103mg Tablets,7’s,212.82
1459,2219,Hydroxyprogesteron 1ml e Injection 250mg Mono,ampoule in blister pack,28.13
1460,2220,Hydroxyprogesteron 2ml e Injection IP 500mg Mono,Ampoule in blister,46.88
1461,2221,Alpha Ketoanalouge and Essential Amino Acid Tablets,10's,80.0
1462,2222,Allopurinol Tablets IP 300 mg,10's,28.13
1463,2223,Amisulpride Tablets IP 300mg,10's,75.0
1464,2224,Acarbose 50mg and Metformin Hydrochloride 500mg Tablets,10's,77.82
1465,2225,Acetylcysteine Effervescent Tablets 600mg,10's,126.57
1466,2226,"Alendronate Sodium Tablets USP 70mg Amlodipine 5 mg,",4's,18.75
1467,2227,Losartan Potassium 50 mg & Hydrochlorothiazide 12.5 mg Tablets,10's,23.44
1468,2228,Amlodipine 5mg and Perindopril 4mg Tablets,10's,28.13
1469,2229,Amorphous Hydrogel Wound 10gm Dressing with Colloidal Silver,Lami Tube,0.0
1470,2238,Protein Powder (100% Whey 1 kg Protein) 1 kg (2.2 lbs) Jar,(2.2 lbs) Jar,1333.86
1471,2239,Cereal Based Foods Products (for Baby 300g above 6 months),Mono Carton,0.0
1472,2240,Diabetes Care Protein Powder,400g Jar,375.0
1473,2241,Renal care protein powder (Low Protein),400g Jar,355.94
1474,2242,Renal care protein powder for dialysis patients (High Protein),400g Jar,444.92
1475,2243,Oral Rehydration 200ml Salt (Liquid form),Tetra Pack,15.75
1476,2244,Janushadhi Madhurak (Stevia 30ml Natural Sweetener (Liquid)),Drops in Mono Carton,100.0
1477,2245,Janushadhi Madhurak (Stevia Natural Sweetener (Tablets/Pellets)),100's,75.0
1478,2246,Janaushadhi Women Protein (Chocolate) 250g,250g Jar,204.67
1479,2247,Janaushadhi Women Protein (Vanilla) 250 gm,250g Jar,204.67
1480,2248,"Janaushadhi Poshan (Malt based 30g food with Cocoa, 30gm)",Sachet,8.9
1481,2249,"Abacavir 600mg, Dolutegravir 50mg and Lamivudine 300mg Tablets",30's Bottle,2718.75
1482,2250,Abacavir 600mg and Lamivudine 300mg Tablets,30's Bottle,867.19
1483,2251,Recombinant Human Tissue type Vial Plasminogen Transfer Activator Injection Mono 20mg (Alteplase),with WFI and canula in Carton,0.0
1484,2252,Recombinant Human Tissue type Vial Plasminogen Transfer Activator Injection Mono 50mg (Alteplase),with WFI and canula in Carton,0.0
1485,2253,Bisacodyl Suppositories IP 5mg,5's,0.0
1486,2254,Caffeine Citrate Injection 20mg/ml,2ml vial,93.75
1487,2255,Colchicine Tablets 0.5mg,10's,9.38
1488,2256,Midazolam Injection 10mg,10ml vial,28.13
1489,2257,Rituximab 100mg/10ml Injection,10ml vial,3750.0
1490,2258,Rituximab 500mg/50ml Injection,50ml vial,10968.75
1491,2259,Salicylic Acid 1% w/v Foaming 60ml Facewash,Lami Tube,46.88
1492,2260,Salicylic Acid 3% 150gm powder,bottle,0.0
1493,2261,Salicylic Acid 2% w/v Foaming 60ml Facewash,Lami Tube,65.63
1494,2262,Somatotropin 4 IU (Recombinant Vial Human Growth Mono Hormone) Powder for Injection,with WFI in Carton,0.0
1495,2263,Thiamine Hydrochloride Injection IP 100mg/ml,2ml vial,14.07
1496,2264,"Mecobalamin 1500mcg, Folic Acid 0.7mg and Niacinamide 100mg",2ml vial,18.75
1497,2265,Injection (Painless) Multivitamin Syrup 200ml Chocolate Flavour,Bottle,0.0
1498,2266,Nicotine 2mg Oral in Disintegrating Strips,12's Mono Carton,74.0
1499,2267,Nicotine Oral Disintegrating Strips in 4mg,12's Mono Carton,0.0
1500,2268,Ondansetron 4mg Oral Disintegrating in Strips,12's Mono Carton,51.57
1501,2269,Ondansetron 8mg Oral Disintegrating in Strips,12's Mono Carton,103.13
1502,2270,Sildenafil 50mg Oral in Disintegrating Strips,5's Mono Carton,46.88
1503,2271,Vitamin D3 60000 IU Oral Disintegrating in Strips,10's Mono Carton,84.38
1504,2272,Dapagliflozin 5mg and Sitagliptin 50mg Tablets,10's,37.5
1505,2273,Dapagliflozin 10mg and Sitagliptin 100mg Tablets,10's,65.63
1506,2274,Pregabalin 75mg and Duloxetin (Delayed Release) 30mg Capsules,10's,46.88
1507,2275,Pregabalin 75mg and Duloxetin (Delayed Release) 20mg Capsules,10's,42.19
1508,2276,Pregabalin 50mg and Duloxetin (Delayed Release) 20mg Capsules,10's,32.82
1509,2277,Bempedoic Acid Tablets 180mg Vitamin C,10's,112.5
1510,2278,"Effervescent Tablets (Vitamin C 1000mg, Vitamin D3 400 IU, Zinc 10mg)",10's,0.0
1511,2279,Nandrolone 1ml Decanoate Injection Mono IP 50mg/ml,Ampoule in Carton,28.13
1512,2280,Dextromethorphan Hydrobromide Lozenges 5mg,10's,0.0
1513,2281,"Vitamin A 600mcg, Vitamin C 500mg, Vitamin D3 1000 IU and Zinc 50mg Chewable Tablets Para Aminobenzoic Acid100mg, Calcium",10's,0.0
1514,2282,"Pant 100mg, Niacinamide12mg, L-Arginine50mg L- Cysteine50mg, DL- Methionine40mg, L- Lysine20mg, Zinc25mg, Inositol 10mg, Biotin10mg,",10's,0.0
1515,2283,"Ferrous10mg, Copper2mg Tablets Abiraterone Acetate Tablets 250mg",120's bottle,0.0
1516,2284,Acamprosate Calcium Tablets 333mg,6's,46.88
1517,2285,"Myo-Inositol 1000mg, L-Methyl Folate 100mcg, Vitamin D3 1000 IU, Acetylcysteine 600mg, L-Arginine",10's,0.0
1518,2286,100mg Tablets Adapalene 0.1% w/w and Benzoyl 15gm Peroxide 2.5% w/w Gel,Lami Tube,23.44
1519,2287,Alogliptin 25mg Tablets,10's,0.0
1520,2288,Armodafinil 50mg Tablets,10's,0.0
1521,2289,Armodafinil 150mg Tablets,10's,121.88
1522,2290,Baclofen 20mg Extended Release (Gastric Retentive System) Tablets,10's,30.0
1523,2291,Benazepril 5mg Tablets,10's,42.19
1524,2292,Benidipine 8mg Tablets,10's,23.44
1525,2293,Bosentan 62.5mg Tablets,10's,351.57
1526,2294,Brinzolamide 10mg and Brimonidine 5ml in 2mg Ophthalmic Suspension 5ml,Mono Carton,0.0
1527,2295,Brivaracetam Tablets IP 50mg,10's,79.69
1528,2296,"Calcitriol 0.25mcg, Calcium Carbonate 500mg, Vitamin K27 45mcg, Methylcobalamin 1500mcg, Zinc 7.5mg, Magnesium 50mg and L- Methylfolate 800mcg Capsules",10's,46.88
1529,2297,"Calcium (Calcium Carbonate) 1250mg, Vitamin D3 2000 IU, Mecobalamin (Vitamin B12) 1500mcg, L- Methylfolate Calcium (Vitamin B9) 1mg, Pyridoxal- 5-Phosphate (Vitamin B6) 20mg",10's,37.5
1530,2298,"Tablets Calcium Citrate 1000mg, Magnesium 100mg, Zinc 4mg and Vitamin D3 200 IU Tablets",10's,14.07
1531,2299,Nadifloxacin 1% w/w and Clobetasol 10gm Propionate 0.05% 10 gm skin cream,Lami Tube,32.82
1532,2301,Dapoxetine Tablets IP 30mg,4's,14.07
1533,2302,Dasatinib 50mg Tablets,60's Bottle,1031.25
1534,2303,Deflazacort 30mg and Tamsulosin 0.4mg Tablets,10's,187.5
1535,2304,Desvenlafaxine Extended Release 50mg and Clonazepam 0.5mg Tablets,10's,30.94
1536,2305,Desvenlafaxine Extended Release 100mg and Clonazepam 0.5mg Tablets,10's,56.25
1537,2306,Desvenlafaxine Extended Release Tablets 50mg,10's,23.44
1538,2307,Desvenlafaxine Extended Release Tablets 100mg,10's,42.19
1539,2308,Dexlansoprazole MR Capsules 60mg Paradichlorobenzen,10's,93.75
1540,2309,"e (2% w/v), Chlorbutol (5% w/v), 10ml Turpentine Oil (15% Mono w/v) and Lidocaine",Drop bottle in Carton,28.13
1541,2310,(2% w/v) Ear drop Donepezil 5mg and Memantine 5mg Tablets,10's,18.75
1542,2311,Donepezil 5mg and Memantine 10mg Tablets,10's,23.44
1543,2312,Empagliflozin 10mg and Linagliptin 5mg Tablets,10's,0.0
1544,2313,Etizolam 0.5mg and Propranolol Hydrochloride 40mg Tablets,10's,28.13
1545,2314,Flurbiprofen 0.03% 5ml w/v Eye Drop 5ml Mono,Drop bottle in Carton,14.07
1546,2316,Flupentixole 0.5mg and Nortriptyline 10mg Tablets,10's,14.07
1547,2317,Fluromethalone 5ml 0.1% w/v Eye Drop Mono 5ml Tannic Acid Glycerin,Drop bottle in Carton,28.13
1548,2318,"27% w/v, Potassium Iodide 0.05% w/v, Iodine 0.03% w/v, 20ml Menthol 0.05% w/v and Thymol 0.033% w/v with Glycerine",Bottle in Mono Carton,0.0
1549,2319,Mouth Paint Ketorolac (0.5% W/V) and 5ml Moxifloxacin (0.5% Mono W/V) Eye Drops,Drop bottle in Carton,18.75
1550,2320,Lactic Acid 1.2% 90ml W/V Intimate Hygiene Wash,in Mono Carton,46.88
1551,2321,"Lapatinib Tablets IP 250mg Lidocaine (3% W/W), Calcium",30's Bottle,2710.0
1552,2322,"Dobesilate (0.25% W/W), Hydrocortisone (0.25% W/W), 30gm Phenylephrine (0.1% W/W), Zinc Oxide (5% W/W),",Lami Tube,0.0
1553,2323,Troxerutin (2% W/W) Cream Lithium Carbonate Tablets IP 300mg,10's,0.0
1554,2324,"L-Methylfoate Calcium 0.5mg, Vit K2 10mcg, Vit D 400 IU, Methylcobalamin 1500mcg, Pyridoxal- 5-Phosphate 1.5mg, Lycopene 5000mcg, Calcium Citrate",10's,0.0
1555,2325,"Malate 250mg Tablets Lorazepam Tablets IP 3mg Lutein 10mg,",10's,16.88
1556,2326,"Astaxanthin 2mg, Zeaxanthin 2mg, Omega 3 Fatty Acid 500mg Capsules Omega 3 Fatty Acid",10's,37.5
1557,2327,"500mg, EPA 150mg, DHA 100mg, Bilberry Extract 50mg, Lutein 20% & Zeaxanthin 4%- 25mg, Beta carotene 4.8mg, Vitamin D3 10mcg Capsules",30's Bottle,140.63
1558,2328,"Methylcobalamin 1500mcg, Vitamin B6 (Pyridoxine) 5mg Benfotiamine 50mg, Alpha Lipoic Acid 200mg, Folic Acid 5mg and Biotin 5mg",10's,75.0
1559,2329,Capsules 5ml bottle Midazolam 0.5mg atomizer Nasal Spray,with nasal in Mono Carton,0.0
1560,2330,Modafinil 100mg Tablets,10's,46.88
1561,2331,Nadifloxacin 1% w/w 10gm cream,Lami Tube,28.13
1562,2332,Nicoumalone (Acenocoumarol) 2mg Tablets,10's,14.07
1563,2333,Nintedanib Soft gelatin Capsules 150mg,10's,399.85
1564,2334,Nitazoxanide 500mg Tablets,10's,51.57
1565,2335,Obeticholic Acid 10mg Tablets,10's,93.75
1566,2336,Obeticholic Acid 5mg Tablets Olopatadine,10's,56.25
1567,2337,Hydrochloride 0.4% 5ml w/v and Ketorolac Mono 0.1 % w/v,Drop bottle in Carton,0.0
1568,2338,Ophthalmic Solution Oxybutynin Chloride 2.5mg Tablets Polyethylene Glycol,10's,46.88
1569,2339,400- 0.4% w/v and 10ml Propylene Glycol Mono 0.3% w/v,Drop bottle in Carton,0.0
1570,2340,Ophthalmic solution Pomalidomide 2mg Capsules,21's in bottle,703.13
1571,2341,Pramipexole 0.75mg Tablets,10's,15.0
1572,2342,Pramipexole 1.5mg Tablets,10's,24.38
1573,2343,Procyclidine 2.5mg Tablets,10's,0.0
1574,2344,"Procyclidine 5mg Tablets Pyridoxine-3mg,",10's,32.82
1575,2345,"Niacinamide-50mg, Folic Acid-1.5mg, Lactic Acid Bacillus 4 million spores Capsules",10's,0.0
1576,2347,S-Adenosyl L- Methionine 200mg Tablets,10's,112.5
1577,2348,S-Adenosyl L- Methionine 400mg Tablets,10's,234.38
1578,2349,Sevelamer 800mg Tablets,10's,75.0
1579,2350,Tapentadol 100mg Extended Release Tablets,10's,60.94
1580,2351,Tapentadol 50mg Tablets,10's,30.0
1581,2352,Teneligliptin 20mg and Pioglitazone 15mg Tablets,10's,20.63
1582,2353,Topiramate 100mg Tablets,10's,28.13
1583,2354,Topiramate 50mg Tablets,10's,18.75
1584,2355,Trazodone Hydrochloride 50mg Tablets,10's,0.0
1585,2356,Valacyclovir Tablets in 500mg,3's Mono Carton,46.88
1586,2357,Venlafaxine Prolonged Release Capsules 37.5mg,10's,18.75
1587,2358,Venlafaxine Prolonged Release Capsules 75mg,10's,28.13
1588,2359,Venlafaxine Prolonged Release Capsules 150mg,10's,0.0
1589,2360,Vildaglipitin 100mg Extended Release Tablets,10's,42.19
1590,2361,Zonisamide 50mg Capsules,10's,55.02
1591,2362,Zonisamide 100mg Capsules,10's,103.13
1592,2363,Sitagliptin 100mg and Metformin 1000mg Extended Release Tablets,10's,84.38
1593,2364,Sitagliptin 50mg and Metformin 500mg Extended Release Tablets,10's,51.57
1594,2365,Ketoconazole Shampoo 2 % w/v 30ml (30ml Pouch),Pouch,18.75
1595,2366,Melatonin 5mg Tablets,15's,0.0
1596,2367,Methimazole 10mg Tablets,10's,0.0
1597,2368,Cilnidipine 10mg and Olmesartan Medoxomil 20mg Tablets,10's,23.44
1598,2369,Cilnidipine 10mg and Olmesartan Medoxomil 40mg Tablets,10's,28.13
1599,2370,Nebivolol 5mg and Cilnidipine 10mg Tablets,10's,32.82
1600,2371,Nebivolol 2.5mg and Cilnidipine 10mg Tablets,10's,23.44
1601,2372,Oxcarbazepine Tablets IP 300mg,15's,79.69
1602,2374,Shilajit Capsule 500 mg,60's in Bottle,160.0
1603,2375,Triphala Tablets 500 mg,60's in Bottle,30.0
1604,2376,Ashwagandha Tablets 250 mg,60's in Bottle,50.0
1605,2377,Madhu (Makshik) 100g 100g,Glass Bottle,40.0
1606,2378,Madhu (Makshik) 250g 250g,Glass Bottle,80.0
1607,2379,Madhu (Makshik) 500g 500g,Glass Bottle,0.0
1608,2380,Chyawanprash Special 500g Jar,500g Jar,125.0
1609,2381,Chyawanprash Special 1Kg Jar Aceclofenac 200mg,1kg Jar,226.0
1610,2382,and Cyclobenzaprine 15mg Sustained Release Tablets,10's,0.0
1611,2383,Aceclofenac 100mg and Tizanidine 2mg Tablets,10's,0.0
1612,2384,Amorolfine Nail 2.5ml Lacquer 5.0% w/w,in Bottle,0.0
1613,2385,Apixaban Tablets 2.5mg,10's,18.75
1614,2386,Apixaban Tablets 5mg,10's,32.82
1615,2387,Atorvastatin (10mg) + Aspirin (75mg) + Ramipril (5mg) Capsule,10's,0.0
1616,2388,Atorvastatin (10mg) + Fenofibrate (160mg) + Ezetimibe (10mg) Tablets,10's,0.0
1617,2389,Atorvastatin 10mg + Ezetimibe 10mg Tablets,10's,23.44
1618,2390,Atorvastatin 20mg + Ezetimibe 10mg Tablets,10's,28.13
1619,2391,Azelaic acid 10% w/w and Benzoic 15gm acid 0.2% w/w (as Monopack preservative) Cream,Lami-Tube in,37.5
1620,2392,Azelnidipine Tablets IP 16mg,10's,46.88
1621,2393,Azelnidipine 8mg + Telmisartan 40mg Tablets,10's,42.19
1622,2394,Azelnidipine Tablets IP 8mg,10's,28.13
1623,2395,Baricitinib Tablets 4mg,7's,0.0
1624,2396,Benedipine (4mg) + Telmisartan (40mg) + Chlorthalidone (6.25mg) Tablets,10's,42.19
1625,2397,Bethanechol Chloride 25mg Tablets,10's,87.19
1626,2398,Bortezomib 2mg Vial powder for Injection,with WFI,665.63
1627,2399,Bortezomib 2.5mg Vial powder for Injection Caffeine (30mg) +,with WFI,0.0
1628,2400,Diphenhydramine (25mg) + Paracetamol (500mg) + Phenylephrine,10's,9.38
1629,2401,(5mg) Tablets Carbimazole Tablets Coloured IP 20mg,100's in Amber Glass Bottle,0.0
1630,2402,Cefadroxil Oral Suspension IP 125mg per 5ml (dry syrup),30ml,0.0
1631,2403,Ceftazidime 2gm and Avibactam 0.5gm for Vial Concentrate for,with WFI,1171.88
1632,2404,Solution for Infusion Ciclopirox Olamine 50 gm Cream 1% w/v Mono,Lami Tube in Carton,93.75
1633,2405,Ciclopirox Olamine 2.5ml Nail Lacquer 8% w/v,with applicator,0.0
1634,2406,Clopidogrel 150mg Tablets,10's,33.75
1635,2407,Conjugated Estrogens 0.625mg Tablets,28's,0.0
1636,2408,Crizotinib Capsules 250mg,10's Bottle,0.0
1637,2409,Dapagliflozin 10mg+ Vildagliptin(Sustaine d release)100mg Tablets,10's,56.25
1638,2410,Dapagliflozin 5mg+ Vildagliptin(Sustaine d release)100mg Tablets,10's,46.88
1639,2411,Dasatinib Tablets 20mg Monopack,60's Bottle in,1204.69
1640,2412,Dasatinib Tablets 50mg Monopack,60's Bottle in,2217.19
1641,2413,Dasatinib Tablets 70mg Monopack Diclofenac,60's Bottle in,2811.57
1642,2414,"Diethylamine 1.16% w/w, Sesame Oil 2.50% w/w, Linseed 30gm Oil 0.50% w/w, Monopack Methylsalicylate 10% w/w and",Lami-Tube in,70.32
1643,2415,Menthol 5% w/w Gel Dolutegravir Tablets 50mg,30's Bottle,187.5
1644,2416,Eltrombopag Tablets 25mg,7's,271.88
1645,2417,Eltrombopag Tablets 50mg,7's,421.88
1646,2418,Ezetimibe Tablets IP 10mg,10's,18.75
1647,2419,Ezetimibe Tablets IP 5mg,10's,0.0
1648,2420,Faropenem (200mg) + Clavulanic Acid (125mg) Tablets,6's,337.5
1649,2421,Fusidic Acid 2%w/w and Hydrocortisone 15gm Acetate Cream 1% Monopack w/w Glycolic Acid 2%,Lami-Tube in,79.69
1650,2422,"w/v, Salicylic acid 1% w/v, Niacinamide 0.5%w/v, Licorice 100ml Extract 1% w/v, Vitamin E 0.2% w/v and Aloe Vera 1%",Flip-top Bottle,0.0
1651,2423,w/v Face Wash Hydrocortisone Acetate Cream IP 1% w/w,15 g,28.13
1652,2424,Itraconazole (1% w/w) Gel,15 g,28.13
1653,2425,Ivermectin Cream 1% w/w,15 g,28.13
1654,2426,Leflunomide 10mg Tablets,10's,32.82
1655,2427,Lenalidomide in Capsules 25mg Mono,30's PET bottle in Carton,1387.5
1656,2428,Lenalidomide in Capsules 5mg Mono,30's PET bottle in Carton,356.25
1657,2429,Levodopa 200mg and Carbidopa 50mg Prolonged Release Tablets IP,10's,0.0
1658,2430,Levosalbutamol 50mcg and Beclomethasone 50mcg Inhaler,200 MDI,135.94
1659,2431,Lincomycin 250mg Capsules,10's,27.19
1660,2432,Lincomycin 500mg Capsules,10's,43.13
1661,2433,Luliconazole Cream 30gm IP 1% w/w 30gm Monopack,Lami-Tube in,46.88
1662,2434,Macitentan Tablets 10mg,10's,0.0
1663,2435,Mebendazole Oral Suspension 100mg per ml,30ml,0.0
1664,2436,Mebeverine (135mg) + Chlordiazepoxide (5mg) Tablets,10's,28.13
1665,2437,Methotrexate Tablets IP 15mg,10's,32.82
1666,2438,Methotrexate Tablets IP 20mg,10's,42.19
1667,2439,Metoclopramide Hydrochloride Syrup IP 5mg per 5ml,60ml,0.0
1668,2440,Metoprolol Extended Release Tablets IP 100mg,10's,23.44
1669,2441,Metronidazole (1% w/w) + Povidone Iodine (5% w/w) Ointment,20 g,18.75
1670,2442,Midodrine Hydrochloride Tablets 10mg,10's,150.0
1671,2443,Midodrine Hydrochloride Tablets 2.5mg,10's,51.57
1672,2444,Midodrine Hydrochloride Tablets 5mg,10's,93.75
1673,2445,Nebivolol 2.5mg + Amlodipine 2.5mg Tablets,10's,0.0
1674,2446,Nebivolol 5mg + Amlodipine 5mg Tablets,10's,26.25
1675,2447,Nintedanib Soft Gelatin Capsules 100mg,10's,499.69
1676,2448,Olmesartan Medoxomil Tablets IP 10mg,10's,9.38
1677,2449,"Oral Rehydration Salts IP (WHO Formula) Orange Flavour Sachet, 21g",1's Sachet,10.0
1678,2450,Ozenoxacin Cream 10gm 1% w/w Monopack,Lami-Tube in,65.63
1679,2451,Ozenoxacin Lotion 10ml 2% w/w,in Monopack,140.63
1680,2452,Pazopanib Tablets 200mg Monopack,30's bottle in,2062.5
1681,2453,Pazopanib Tablets 400mg Monopack,30's bottle in,2906.25
1682,2454,Penicillin G Tablets 400000 IU,10's,0.0
1683,2455,Penicillin G Tablets 800000 IU,10's,0.0
1684,2456,Pepsin (12.50g) + Alpha-amylase (18.75mg) Capsules,10's,0.0
1685,2457,Propranolol Tablets IP 20mg,10's,5.63
1686,2458,Quetiapine Tablets IP 50mg,10's,16.88
1687,2459,Ramipril 2.5mg and Hydrochlorothiazide 12.5mg Tablets,10's,70.32
1688,2460,Ramipril Tablets IP 1.25mg,10's,0.0
1689,2461,Remogliflozin Etabonate 100mg and Teneligliptin 10mg Tablets,10's,0.0
1690,2462,"Remogliflozin Etabonate 100mg, Vildagliptin 50mg and Metformin Hydrochloride",10's,0.0
1691,2463,500mg Tablets Repaglinide 0.5mg and Voglibose 0.2mg Tablets IP,10's,18.75
1692,2464,Repaglinide 0.5mg and Voglibose 0.3mg Tablets IP,10's,23.44
1693,2465,Repaglinide 1mg and Voglibose 0.2mg Tablets IP,10's,28.13
1694,2466,Repaglinide 1mg and Voglibose 0.3mg Tablets IP,10's,32.82
1695,2467,Salmeterol 50mcg and Fluticasone 500mcg Rotacaps,30's in Monocarton,140.63
1696,2468,Sorafenib Tablets 200mg,120's Bottle,3000.0
1697,2469,Sunitinib Capsules 12.5mg,28's Bottle,499.0
1698,2470,Sunitinib Capsules 25mg,28's Bottle,910.0
1699,2471,Telmisartan 40mg + Cilnidipine 10mg + Metoprolol ER 25 Tablets,10's,30.0
1700,2472,Telmisartan 40mg + Cilnidipine 10mg + Metoprolol ER 50 Tablets,10's,32.82
1701,2473,Telmisartan 40mg + Metoprolol ER 25mg + Chlorthalidon 12.5mg Tablets,10's,32.82
1702,2474,Temozolomide Capsules IP 20mg,5's in bottle,314.07
1703,2475,Teneligliptin 20mg and Dapagliflozin 10mg Tablets,10's,32.82
1704,2476,Teneligliptin 20mg and Dapagliflozin 5mg Tablets,10's,28.13
1705,2477,Thalidomide Capsules 100mg,10's,150.0
1706,2478,Thalidomide Capsules 200mg,10's,234.38
1707,2479,Thalidomide Capsules 50mg,10's,84.38
1708,2480,Thyroxine Sodium Tablets IP 150mcg,120's in Bottle,93.75
1709,2481,Ticagrelor Tablets IP 60mg,10's,89.07
1710,2482,Topiroxostat Tablets 20mg,10's,46.88
1711,2483,Topiroxostat Tablets 40mg,10's,84.38
1712,2484,Topiroxostat Tablets 60mg,10's,121.88
1713,2485,Torasemide 10mg + Spironolactone 25mg Tablets,10's,17.82
1714,2486,Travoprost 40mcg and Timolol 5mg Eye Drops,2.5ml,0.0
1715,2487,Vortioxetine Tablets 10mg,10's,60.94
1716,2488,Vortioxetine Tablets 20mg,10's,89.07
1717,2489,Vortioxetine Tablets 5mg,10's,32.82
1718,2490,Amlodipine Tablets IP 2.5mg,15's,3.75
1719,2491,Cetirizine Tablets IP 5mg Metoprolol,10's,0.0
1720,2492,Succinate 25mg (Extended Release) and Amlodipine Besilate 2.5mg,10's,11.25
1721,2493,Tablets IP Povidone- Iodine 100 Solution IP 10 % w/v,ml Bottle,46.88
1722,2494,Rosuvastatin 20mg and Aspirin 75mg Capsules,10's,37.5
1723,2495,Telmisartan 80mg and Chlorthalidone 12.5mg Tablets,10's,28.13
1724,2496,Pantoprazole 40mg and Domperidone 10mg Capsules,10's,0.0
1725,2497,Dapagliflozin 5mg and Metformin Hydrochloride (Extended Release),10's,28.13
1726,2498,500mg Tablets Clozapine tablets IP 200mg,10's,75.0
1727,2499,"Aceclofenac 1.00% w/w, Menthol 5.00% w/w Spray",100ml,0.0
1728,2500,"Aceclofenac 1.5% w/w gel, 30g",30g,0.0
1729,2501,Ambrisentan Tablets 10mg,10's,0.0
1730,2502,Ambrisentan Tablets 5mg Janaushadhi,10's,0.0
1731,2503,Antiseptic Bandage Spray (Cetrimide 0.10% w/w with Lidocaine 1.0% w/w,50ml,0.0
1732,2504,Spray) Azilsartan Medoxomil Tablets 20mg,10's,0.0
1733,2505,Azilsartan Medoxomil Tablets 80mg,10's,103.13
1734,2506,Benzoic acid 6% w/w and Salicylic 15g in acid 3% w/w IP Ointment,Mono-carton,12.19
1735,2507,Betamethasone Sodium Phosphate 0.1% w/v and 5ml in Neomycin Sulphate 0.5% w/v Eye/Ear Drops,Mono-carton,0.0
1736,2508,Betamethasone Sodium Phosphate 0.1% w/v and 10ml Ofloxacin 0.3% w/v Eye/Ear Drops,in Mono-carton,0.0
1737,2509,Bilastine 10mg and Montelukast 4mg Orodispersible Tablets,10's,35.63
1738,2510,Janaushadhi Burn Relief Spray (Lidocaine 3% w/w and Benzethonium 0.20% w/w Spray),50ml,0.0
1739,2511,"Calamine 8% w/w, Aloe Vera Gel 10% w/w, Light Liquid Paraffin 10% w/w Lotion",100ml,56.25
1740,2512,"Calcium aspartate (500mg), Calcium Orotate (500mg), Calcitriol (0.25mcg), Minerals and",10's,56.25
1741,2513,Vitamins Tablets Calcium Citrate and Vitamin D3 Chewable Tablets,30's in container,32.82
1742,2514,"Cefixime 200 mg, Cloxacillin 500 mg (ER) and Lactic Acid Bacillus Tablets Chlorhexidine",10's,96.57
1743,2515,"Gluconate 0.2% w/v, Sodium Fluoride 0.05% w/v and Zinc Chloride 0.09% w/v Mouthwash (Sugar Free)",150ml,37.5
1744,2516,"Chloroxylenol 4.80% w/v, Terpineol 9% v/v, Absolute Alcohol 13.10% v/v",60ml,18.75
1745,2517,Liquid Citicoline Syrup Citicoline 500mg per 5ml 100mg,Oral Drops per ml,0.0
1746,2518,Clotrimazole Vaginal 30g in Gel 2% w/w with Combi kit of,Mono-carton Applicator,42.19
1747,2519,Torasemide 20mg Tablets and Eplerenone 25mg Tablets,20's in Combikit,0.0
1748,2520,Combipack of Ambrisentan 5mg and Tadalafil 20mg Tablets,20's in Combikit,0.0
1749,2521,"Dapagliflozin 10mg and Sitagliptin 50mg Tablets Dapagliflozin 10mg,",10's,28.13
1750,2522,Sitagliptin 100mg and Metformin Hydrochloride (Extended Release) 1000mg Tablets,10's,70.32
1751,2523,"Dapagliflozin 10mg, Sitagliptin 100mg and Metformin Hydrochloride (Extended Release) 500mg Tablets",10's,67.5
1752,2524,Dapagliflozin 5mg and Metformin Hydrochloride (Extended Release) 1000mg Tablets,10's,32.82
1753,2525,Dapagliflozin 5mg and Sitagliptin 100mg Tablets,10's,46.88
1754,2526,Deferasirox Dispersible Tablets 180mg,10's,46.88
1755,2527,Deferasirox Dispersible Tablets 250mg,30's,65.63
1756,2528,Deferasirox Dispersible Tablets 360mg,10's,79.69
1757,2529,Deferasirox Dispersible Tablets 400mg,10's,90.94
1758,2530,Deferasirox Dispersible Tablets 500mg,30's,112.5
1759,2531,Deferiprone Capsules 250mg,50's,124.69
1760,2532,Deferiprone Capsules 500mg,50's,234.38
1761,2533,Deflazacort oral 30ml Suspension 6mg per with 5ml,in Mono-carton measuring cap,28.13
1762,2534,Denosumab (r-DNA 1ml origin) 60mg/ml in Syringe Pre-filled Syringe,Pre-filled in Mono- carton,4875.0
1763,2535,Diclofenac 200mg in Transdermal patch Diclofenac,10's Mono-carton,0.0
1764,2536,"Diethylamine 1.16% w/w, Sesame oil 2.5% w/w, Linseed 30g in oil 0.5% w/w, Methyl Salicylate 10% w/w & Menthol 5% w/w Gel",Mono-carton,0.0
1765,2537,"Diclofenac Sodium 2% w/v, Methyl Salicylate 10% w/v, Menthol 5%, Absolute alcohol 10% v/v Spray",50ml,0.0
1766,2538,Diclofenac Sodium 50mg and Thiocolchicoside 4mg Tablets,10's,44.07
1767,2539,Diclofenac Sodium 50mg and Thiocolchicoside 8mg Tablets,10's,56.25
1768,2540,Drotaverine Hydrochloride 2ml Injection 40mg per 2ml,Ampoule,9.38
1769,2541,Duloxetin Hydrochloride (Delayed Release) 20mg and Mecobalamin 1.5mg Capsules,10's,0.0
1770,2542,Duloxetin Hydrochloride (Delayed Release) 30mg and Mecobalamin 1.5mg,10's,0.0
1771,2543,Capsules Ebastine 10mg and Phenylephrine 10mg Tablets,10's,0.0
1772,2544,Efonidipine Hydrochloride Ethanolate 20mg Tablets,10's,0.0
1773,2545,Efonidipine Hydrochloride Ethanolate 40mg Tablets,10's,70.32
1774,2546,Empagliflozin 25mg and Linagliptin 5mg Tablets,10's,0.0
1775,2547,Entacapone Tablets IP 200mg,10's,0.0
1776,2548,Eplerenone 50mg Tablets,10's,234.38
1777,2549,Etizolam 0.5mg and Escitalopram Oxalate 10mg Tablets,10's,18.75
1778,2550,Etizolam 0.5mg and Escitalopram Oxalate 5mg Tablets,10's,14.07
1779,2551,Etizolam Controlled release Tablets IP 1.5mg,10's,0.0
1780,2552,Etoricoxib 60mg and Pregabalin 75mg (SR) Tablets,10's,37.5
1781,2553,Feracrylum 1% w/w 15g in Gel,Mono-carton,93.75
1782,2554,"Feracrylum 3% w/w, Centbucridine 0.5% 20g in w/w Gel",Mono-carton,44.77
1783,2555,Ferric Carboxymaltose Injection 50mg/ml,10ml Vial,421.88
1784,2556,Fluconazole Dusting Powder 2% w/w Fluocinolone,30g,0.0
1785,2557,"acetonide 0.01% w/w, Miconazole 2% w/w and Neomycin 0.5% w/w ointment, 10g",15g,0.0
1786,2558,"Janaushadhi Footcare Cream (Urea 10% w/w, Lactic acid 10% w/w, Propylene Glycol 10% w/w, Light Liquid Paraffin",50g,32.82
1787,2559,10% w/w) Frusemide 40mg and Amiloride 5mg Tablets,10's,0.0
1788,2560,Frusemide 40mg and Potassium Chloride 600mg (CR) Tablets,10's,0.0
1789,2561,Gabapentin 200mg and Nortriptyline 10mg Tablets,10's,18.75
1790,2562,"Gabapentin 6% w/w, Lignocaine 5% w/w and Baclofen 2% w/w gel",30g,60.94
1791,2563,"Hydroquinone 2% w/w, Tretinoin 0.05% w/w and Fluocinolone acetonide 0.01% w/w Cream",20g,0.0
1792,2564,"Hydroquinone 4% w/w, Tretinoin 0.05% w/w and 15g in Fluocinolone acetonide 0.01%",Mono-carton,0.0
1793,2565,"w/w cream, 20g Hydroxyzine 15ml Hydrochloride Drops with 6mg per ml",in Mono-carton screw dropper,18.75
1794,2566,Hydroxyzine 100ml Hydrochloride Syrup measuring 10mg per 5ml,with cap,23.44
1795,2567,Ibuprofen Oral Suspension 100mg/5ml,100ml,11.25
1796,2568,Iguratimod Tablets 25mg Ilaprazole (gastro-,10's,93.75
1797,2569,resistant) 10mg and Domperidone (Prolonged release) 30mg capsules,10's,32.82
1798,2570,Imeglimin Hydrochloride Tablets 1000mg,10's,0.0
1799,2571,Imeglimin Hydrochloride Tablets 500mg,10's,55.32
1800,2572,Indacaterol 150mcg and Mometasone Furoate 160mcg Mono-carton Powder for Inhalation,15's in Bottle with,0.0
1801,2573,Indacaterol 150mcg and Mometasone Furoate 320mcg Mono-carton Powder for Inhalation,15's in Bottle with,0.0
1802,2574,Indacaterol 150mcg and Mometasone Furoate 80mcg Mono-carton Powder for,15's in Bottle with,0.0
1803,2575,Inhalation Ipratropium Bromide Inhaler 20mcg,200 MDI,0.0
1804,2576,Itraconazole Dusting Powder 1% w/w,30g,0.0
1805,2577,Ivermectin 1.5mg and Albendazole 10ml 200mg Oral Suspension,in Mono-carton,9.38
1806,2578,Ketoconazole 2% w/v and Zinc Pyrithione 1% w/v Shampoo,100ml,75.0
1807,2579,Ketoconazole Dusting Powder 2% w/w,30g,26.25
1808,2580,Ketoprofen 2.5% 30g in Gel,Mono-carton,0.0
1809,2581,L-Arginine 3g and Proanthocyanidin 75 6.5g mg Granules (Sugar Free),Sachet,23.44
1810,2582,Latanoprost 50mcg and Timolol Maleate 2.5ml 5mg Opthalmic solution,in Mono- carton,0.0
1811,2583,Leucovorin Calcium Tablets IP 15mg,10's,0.0
1812,2584,Levetiracetam Prolonged Release Tablets IP 1000mg,10's,117.19
1813,2585,"Levocetirizine Dihydrochloride 5mg, Montelukast 10mg and Ambroxol Hydrochloride (SR) 75mg Tablets",10's,32.82
1814,2586,Levocloperastine 20mg and 100ml Chlorpheniramine measuring Maleate 4mg per Mono-carton 5ml Oral,with cap in,60.94
1815,2587,suspension. Levocloperastine Oral Suspension 20mg per 5ml,100ml,56.25
1816,2588,"Levodopa 100mg , Carbidopa 25mg and Entacapone 200mg Tablets IP",10's,0.0
1817,2589,"Levodopa 150mg , Carbidopa 37.5mg and Entacapone 200mg Tablets IP",10's,0.0
1818,2590,"Levodopa 50mg, Carbidopa 12.5mg and Entacapone 200mg Tablets IP",10's,0.0
1819,2591,Lignocaine (Lidocaine) Hydrochloride 1.5% w/w and Nifedipine 0.3% w/w Cream,30g,75.0
1820,2592,Lignocaine (Lidocaine) Hydrochloride 2.5% w/w and Prilocaine 2.5% w/w Gel,30g,0.0
1821,2594,"Lignocaine 4% w/w, Metronidazole 1% w/w and Sucralfate 7% w/w Cream",20g,32.82
1822,2595,Linagliptin 2.5mg and Dapagliflozin 10mg Tablets,10's,0.0
1823,2596,Linagliptin 2.5mg and Dapagliflozin 5mg Tablets,10's,0.0
1824,2597,Linagliptin 2.5mg and Metformin 850mg Tablets,10's,33.75
1825,2598,Linagliptin 5mg and Dapagliflozin 10mg Tablets,10's,42.19
1826,2599,Linagliptin 5mg and Dapagliflozin 5mg Tablets,10's,0.0
1827,2601,Lobeglitazone Sulfate Tablets 0.5mg,10's,46.88
1828,2602,Methotrexate 1ml Injection IP 25mg/ml,Ampoule,0.0
1829,2603,Methotrexate Injection IP 2ml 50mg/2ml,Ampoule,0.0
1830,2604,Metronidazole 2% w/w and Mupirocin 2% w/w Ointment,5g,75.0
1831,2605,"Miconazole Nitrate 20mg, Mometasone Furoate 1mg and Nadifloxacin 10 mg",10g,0.0
1832,2606,cream Molnupiravir Capsules 200mg,10's,37.5
1833,2607,Montelukast Sodium 10mg and Ebastine 10mg Tablets,10's,23.44
1834,2608,"Janaushadhi Mouth Ulcer Gel (Choline Salicylate 8.7% w/w, Lignocaine Hydrochloride 2% w/w & Benzalkonium",10g,14.07
1835,2609,Chloride 0.01% w/w) Naftifine Hydrochloride 20g in Cream 2% w/w Neomycin Sulphate,Mono-carton,89.07
1836,2610,"3400 Units, Polymyxin B Sulfate 5000 units and Bacitracin Zinc 400 Units Powder",10g,32.82
1837,2611,Neostigmine Methylsulphate 5ml Injection IP 0.5mg/ml,Ampoule,13.13
1838,2612,Neostigmine Methylsulphate 1ml Injection IP 2.5mg/ml,Ampoule,0.0
1839,2613,Nitrofurantoin 50mg Tablets,10's,0.0
1840,2614,Nitrofurantoin Sustained Release Tablets 100mg,15's,28.13
1841,2615,Norethisterone Acetate Controlled Release Tablets 10mg,10's,25.32
1842,2616,Ofloxacin 100mg and Metronidazole 60ml 200mg per 5ml Oral with Suspension,in Mono-carton measuring cap,32.82
1843,2617,"Janaushadhi Pain Relief Spray (Wintergreen Tel 20% w/w, karpura 10% w/w, turpentine Oil 10% w/w, Nilgiri ka Tel 6% w/w, Pudina ka Phool 4% w/w, Lavang ka Tel",50ml,0.0
1844,2618,"1% w/w, Cinnamon Oil 0.5% w/w) Panitumumab 100mg Infusion",5ml Vial,0.0
1845,2619,"Panitumumab 400mg Infusion Papain 10mg,",20ml Vial,0.0
1846,2620,"Fungal Diastase (Alpha Amylase 1:800) 20mg, 15ml Caraway oil 2mg, with Anise Oil 2mg and Dil oil 2mg Oral",in Mono-carton screw dropper,0.0
1847,2621,Drops Papain 60mg and Fungal Diastase 200ml (Alpha Amylase 1:800) 75mg Syrup,in Mono- carton,0.0
1848,2622,Potassium Nitrate 5% w/w and Sodium Monofluoro Phosphate 0.7% w/w Toothpaste Gel,100g,32.82
1849,2623,(Fresh-Mint Flavour) Povidone Iodine IP 5% w/w Spray,50ml,0.0
1850,2624,Quetiapine Prolonged release Tablets IP 300mg,10's,70.32
1851,2625,Rasagiline Tablets 0.5mg,10's,0.0
1852,2626,Rasagiline Tablets 1mg,10's,0.0
1853,2627,Selexipag Tablets 200mcg,10's,393.75
1854,2628,Selexipag Tablets 400mcg,10's,0.0
1855,2629,Sertaconazole Dusting Powder 2% w/w,30g,0.0
1856,2630,Sildenafil Tablets IP 20mg,10's,6.57
1857,2631,Sirolimus Tablets 1mg,10's,187.5
1858,2632,Sitagliptin 100mg and Metformin 500mg Extended Release Tablets,10's,65.63
1859,2633,Strontium chloride hexahydrate 10% w/w Toothpaste,100g,0.0
1860,2634,"Surgical Spirit IP (Methyl Salicylate 0.5% v/v, Diethyl Pthalate 2% v/v & Castor Oil 2.5% v/v)",100ml,0.0
1861,2635,Telmisartan 40mg and Bisoprolol Fumarate 2.5mg Tablets,10's,18.75
1862,2636,"Telmisartan 40mg and Bisoprolol Fumarate 5mg Tablets Teneligliptin 20mg,",10's,23.44
1863,2637,Metformin Hydrochloride 1000mg (Sustained Release) and Pioglitazone 15mg Tablets IP,10's,70.32
1864,2638,"Teneligliptin 20mg, Metformin Hydrochloride 500mg (Sustained Release) and Pioglitazone 15mg",10's,42.19
1865,2639,"Tablets IP Terbinafine Hydrochloride Dusting Powder 1% w/w Throat Spray (Chamomile extract,",30g,0.0
1866,2640,"peppermint oil, Sage oil, Pine Needle oil, Bergamot oil, Cineole oil, Methyl 50ml salicylate, Ethyl Alcohol, Propylene Glycol, Glycerin, Citric acid,",in Mono-carton,0.0
1867,2641,"Polysorbate 80, water) Tobramycin 0.3% w/v and Fluoromethalone 5ml in 0.1% w/v Opthalmic",Mono-carton,0.0
1868,2642,Solution IP Tofacitinib 2.0% w/w Ointment,20g,328.13
1869,2643,Tofacitinib Extended Release Tablets 11mg,10's,126.57
1870,2644,Tofacitinib Extended Release Tablets 22mg,10's,225.0
1871,2645,Tofacitinib Tablets 10mg,10's,93.75
1872,2646,Tofacitinib Tablets 5mg,10's,51.57
1873,2647,Tolperisone Hydrochloride 150mg and Diclofenac Sodium 50mg Tablets,10's,18.75
1874,2648,Torasemide 10mg and Amiloride 5mg Tablets,10's,0.0
1875,2649,Tramadol Hydrochloride (IR) 50mg and Diclofenac Sodium,10's,18.75
1876,2650,(SR) 75mg Tablets Tranylcypromine Tablets 10mg,10's,0.0
1877,2651,Triclofos oral 30ml Solution IP,in Mono-carton,0.0
1878,2652,Tulobuterol Transdermal patch in 0.5mg,14's Mono-carton,0.0
1879,2653,Vildagliptin 100mg and Metformin Hydrochloride (sustained release) 1000mg Tablets,10's,42.19
1880,2654,Vildagliptin 100mg and Metformin Hydrochloride (sustained release) 500mg Tablets,10's,37.5
1881,2655,Vildagliptin 50mg and Metformin Hydrochloride (sustained release) 1000mg Tablets,15's,32.82
1882,2656,Vildagliptin 50mg and Metformin Hydrochloride (sustained release),15's,28.13
1883,2657,500mg Tablets Acyclovir Dispersible Tablets IP 200 mg,5's,14.07
1884,2658,Amisulpride Tablets IP 25 mg,10's,0.0
1885,2659,Amisulpride Sustained Release Tablets 100 mg,10's,0.0
1886,2660,Amisulpride Sustained Release Tablets 200 mg,10's,0.0
1887,2661,Amisulpride Sustained Release Tablets 300 mg,10's,0.0
1888,2662,Amisulpride Sustained Release Tablets 400 mg,10's,0.0
1889,2663,Budesonide 160 mcg and Formoterol 60 4.5mcg Inhalation Powder,doses in MDI inhaler,0.0
1890,2664,Cabozantinib Tablets 20 mg,30's bottle,1453.13
1891,2665,Cabozantinib Tablets 40 mg,30's bottle,2296.88
1892,2666,Cabozantinib Tablets 60 mg,30's bottle,3562.5
1893,2667,Cariprazine Capsules 1.5 mg,10's,50.63
1894,2668,Cariprazine Capsules 3 mg,10's,81.57
1895,2669,Cariprazine Capsules 4.5 mg,10's,0.0
1896,2670,Cariprazine Capsules 6 mg,10's,0.0
1897,2671,Cefazolin Sodium Vial Injection IP 250 mg,with WFI,0.0
1898,2672,Cefazolin Sodium Vial Injection IP 500 mg,with WFI,0.0
1899,2673,Cefazolin Sodium Vial Injection IP 1g,with WFI,0.0
1900,2674,Clindamycin Phosphate Gel 20gm 1%w/w,Tube,30.0
1901,2675,Cyclobenzaprine Extended-release Capsules 15mg Gliclazide 60 mg,10's,0.0
1902,2676,(Extended Release) and Metformin Hydrochloride 1000 mg (Extended Release) Tablets,10's,68.44
1903,2677,"Dapagliflozin 10mg, Vildagliptin 100mg (SR) and Metformin Hydrochloride 1000mg (SR) Tablets",15's,65.63
1904,2678,"Dapagliflozin 10mg, Vildagliptin 100mg (SR) and Metformin Hydrochloride",15's,60.94
1905,2679,500mg (SR) Tablets Desloratadine Tablets 10 mg,10's,23.44
1906,2680,Dexchlorpheniramin e Maleate Sustained Release Tablets 6mg,10's,0.0
1907,2681,Dexchlorpheniramin e Maleate Tablets IP 2mg,10's,0.0
1908,2682,Donepezil Hydrochloride Orally in Disintegrating Strips 10 mg,10's mono-carton,82.5
1909,2683,Donepezil Hydrochloride Orally in Disintegrating Strips 5 mg,10's mono-carton,57.19
1910,2684,Everolimus Tablets 0.25 mg,10's,250.0
1911,2685,Everolimus Tablets 0.5 mg,10's,450.0
1912,2686,Everolimus Tablets 5 mg,10's,3600.0
1913,2687,Everolimus Tablets 10 mg,10's,7000.0
1914,2688,Feracrylum mouth wash/Gargle 1% w/v (Mint Flavour),50ml,98.44
1915,2689,Feracrylum Sterile Antiseptic Solution 1% w/v,100ml,140.63
1916,2690,Fluocinonide Topical 15gm Gel 0.05%w/w,Tube,0.0
1917,2691,Hydrochlorothiazide Tablets IP 25 mg,10's,8.44
1918,2692,Hydrocortisone Tablets 10mg,10's,18.75
1919,2693,Hydrocortisone Tablets 5mg,10's,10.32
1920,2694,Inosine Pranobex Tablets 500 mg,10's,271.88
1921,2695,Itraconazole Capsules 130mg,10's,70.32
1922,2696,Itraconazole Capsules 65mg,10's,42.19
1923,2697,Itraconazole Eye drops 1% w/v,5ml Drops,0.0
1924,2698,Levocetirizine Orally Disintegrating Strips in 2.5 mg,10's mono-carton,0.0
1925,2699,Levocetirizine Orally Disintegrating Strips in 5 mg,10's mono-carton,70.32
1926,2700,Linagliptin 5mg and Metformin Hydrochloride 1000mg Tablets,15's,65.63
1927,2701,Lurasidone Hydrochloride Tablets 20 mg,10's,0.0
1928,2702,Lurasidone Hydrochloride Tablets 40 mg,10's,86.25
1929,2703,Lurasidone Hydrochloride Tablets 80 mg,10's,134.07
1930,2704,Maraviroc Tablets 150 mg,60's in bottle,0.0
1931,2705,Mecobalamin Orally Disintegrating Strips in 1500 mcg,10's mono-carton,65.63
1932,2706,Metformin Hydrochloride Tablets IP 250 mg,10's,3.75
1933,2707,Metoprolol Tartrate 50mg and Hydrochlorothiazide 12.5 mg Tablets,10's,14.07
1934,2708,Montelukast Sodium 4mg and 60ml Fexofenadine 60mg per 5ml Suspension,Bottle,0.0
1935,2709,Omeprazole 20mg Powder for Oral 10 suspension (Sodium monocarton bicarbonate as buffer),sachet in,74.07
1936,2710,N-Acetylcysteine 600 mg And Pyridoxine Hydrochloride 50 mg Tablets,10's,0.0
1937,2711,Naproxen 500 mg Delayed Release and Esomeprazole 20mg Tablet,10's,0.0
1938,2712,Nebivolol Hydrochloride Tablets IP 10 mg,10's,42.19
1939,2713,Nifedipine Extended Release Tablets IP 30 mg,10's,14.07
1940,2714,Nifedipine Extended Release Tablets IP 60 mg,10's,0.0
1941,2715,Octreotide long acting release Injection 20mg (Lyophilised),Vial,0.0
1942,2716,Octreotide long acting release Injection 30mg (Lyophilised),Vial,12000.0
1943,2717,Octreotide injection 1ml 50 mcg,Ampoule,80.0
1944,2718,Octreotide injection 1ml 100mcg,Ampoule,140.0
1945,2719,Olaparib Tablet 100 mg,30's in bottle,0.0
1946,2720,Olaparib Tablet 150 mg,30's in bottle,0.0
1947,2721,Olmesartan 40mg and Amlodipine 5mg Tablets,10's,32.82
1948,2722,"Olmesartan Medoxomil 20mg, Cilnidipine 10mg and Chlorthalidone 12.5mg Tablets",10's,32.82
1949,2723,"Olmesartan Medoxomil 20mg, Cilnidipine 10mg and Chlorthalidone 6.25mg Tablets",10's,28.13
1950,2724,"Olmesartan Medoxomil 40mg, Cilnidipine 10mg and Chlorthalidone 12.5mg Tablets",10's,37.5
1951,2725,Oseltamivir Phosphate Capsules IP 30mg,10's,84.38
1952,2726,Pancreatin Capsules 40000,10's,0.0
1953,2727,Pilocarpine Tablets 5mg,10's,0.0
1954,2728,Rebamipide Tablets 100 mg,10's,46.88
1955,2729,Risperidone 2mg Trihexyphenidyl 2 mg Tablets (mouth Dissolving ),10's,9.38
1956,2730,Risperidone 3mg Trihexyphenidyl 2 mg Tablets,10's,0.0
1957,2731,Rivaroxaban Tablet 15 mg,14's,117.19
1958,2732,Rivaroxaban Tablet 2.5 mg,14's,42.19
1959,2733,Rivastigmine Capsules 1.5mg,10's,46.88
1960,2734,Rivastigmine Capsules 3mg,10's,0.0
1961,2735,Rivastigmine Capsules 4.5 mg,10's,0.0
1962,2736,Rivastigmine Capsules 6 mg,10's,0.0
1963,2737,Rivastigmine Transdermal Patch 9mg (4.6mg/24 hour),30's in monocarton,0.0
1964,2738,Rivastigmine Transdermal Patch 18mg (9.5mg/24 hour),30's in monocarton,0.0
1965,2739,Rivastigmine Transdermal Patch 27mg (13.3mg/24 hour),30's in monocarton,0.0
1966,2740,Rizatriptan Benzoate Orally in Disintegrating Strips 5 mg,5's Mono-carton,90.94
1967,2741,Rizatriptan Benzoate Orally in Disintegrating Strips 10 mg,5's Mono-carton,150.0
1968,2742,Romiplostim Powder and Solvent for solution for Injection 250mcg per 0.5 vial,Vial,0.0
1969,2743,Romiplostim Powder and Solvent for solution for Injection 500mcg per vial,Vial,0.0
1970,2744,Latanoprost Eye Drops IP 0.005% w/v (50mcg per ml),3ml Drop,187.5
1971,2745,Sildenafil Orally Disintegrating Strips in 100 mg,5's mono-carton,0.0
1972,2746,"Sitagliptin 50mg, Glimepiride 1mg and Metformin Hydrochloride 1000mg Tablets",10's,58.13
1973,2747,"Sitagliptin 50mg, Glimepiride 2mg and Metformin Hydrochloride",10's,60.94
1974,2748,1000mg Tablets Spironolactone Tablets IP 50 mg,15's,34.22
1975,2749,Spironolactone Tablets IP 100mg,15's,79.69
1976,2750,Tadalafil Oral Disintegrating Strips 10 mg,1's,9.38
1977,2751,Tadalafil Oral Disintegrating Strips 20 mg,1's,14.07
1978,2752,Tadalafil Tablets IP 2.5 mg,10's,9.38
1979,2753,Tadalafil Tablets IP 5 mg,10's,11.25
1980,2754,"Tadalafil Tablets IP 10 mg Teneligliptin 20mg,",4's,9.38
1981,2755,Dapagliflozin 10mg and Metformin Hydrochloride (Sustained Release) 1000mg Tablets,10's,46.88
1982,2756,"Teneligliptin 20mg, Dapagliflozin 10mg and Metformin Hydrochloride (Sustained Release)",10's,42.19
1983,2757,500mg Tablets Thyroxine Sodium Tablets IP 62.5mcg,100's Bottle,54.38
1984,2758,Torsemide 20 mg and Spironolactone 25 mg Tablets,15's,39.38
1985,2759,Torsemide 5 mg and Spironolactone 50 mg Tablets,15's,42.19
1986,2760,Trazodone Hydrochloride Tablets IP 100 mg,10's,46.88
1987,2761,Trazodone Hydrochloride Tablets IP 25 mg,10's,14.07
1988,2762,Trientine Hydrochloride Capsules 250 mg,100's in Bottle,10231.88
1989,2763,Ubidecarenone (Co- enzyme Q10) Capsules 100 mg,10's,84.38
1990,2764,Ubidecarenone (Co- enzyme Q10) Capsules 300 mg,10's,234.38
1991,2765,Vancomycin Hydrochloride for Intravenous Infusion IP 1000 mg,Vial,0.0
1992,2766,Vancomycin Hydrochloride Capsules IP 250mg,10's,0.0
1993,2767,Vasopressin 1ml injection IP 20IU,Ampoule,80.0
1994,2768,Vildagliptin 50mg and Dapagliflozin 5mg Tablets,15's,0.0
1995,2769,Vincristine Injection 1mg,1ml Vial,0.0
1996,2770,Zolpidem Tablets IP 5mg,10's,9.38
1997,2771,Fluconazole Tablets IP 50 mg,4's,7.5
1998,2772,Fluconazole Tablets IP 200 mg,4's,22.5
1999,2773,Fluconazole Tablets IP 400 mg,1's,9.38
2000,2774,Fluconazole 100ml Injection 2mg per ml,Bottle,0.0
2001,2775,Janaushadhi Urja (Glucose Powder 1kg (Orange Flavour) with 1kg),Screw-Cap jar scoop,0.0
2002,2776,Janaushadhi Urja 500g (Glucose Powder with 500g),Screw-Cap jar scoop,0.0
2003,2777,Janaushadhi Urja 1kg (Glucose Powder with 1kg),Screw-Cap jar scoop,0.0
2004,2778,Janaushadhi Onco- 500g Care Protein Powder,HDPE Container,0.0
2005,2779,"Janaushadhi Poshan (Malt based 1000g food with Cocoa, 1000gm)",HDPE Container,266.95
2006,2780,"Janaushadhi 1000g Poshan (Malt based food, 1000gm)",HDPE Container,266.95
2007,2781,Janaushadhi Ragi 500g Malt based food (500gm),HDPE Container,169.07
2008,2782,Janaushadhi Ragi 1000g Malt based food (1000gm),HDPE Container,0.0
2009,2783,Janaushadhi Ragi Screw-cap Sticks (Chocolate),plastic container,0.0
2010,2784,Janaushadhi Energy Drink (Orange 200ml Flavour),Tetra Pack,0.0
2011,2785,Abiraterone Acetate Tablets 500mg,60's bottle,0.0
2012,2786,Amlodipine + Enalapril Tablet (5/5 Mg),10's,0.0
2013,2787,Amlodipine + Indapamide Tablet (5/1.5 Mg),10's,0.0
2014,2789,Atenolol + Chlorthalidone Tablet (25/12.5 Mg),10's,0.0
2015,2790,Atenolol + Chlorthalidone Tablet (50/12.5 Mg),10's,0.0
2016,2791,Atenolol + Indapamide Tablet (50/2.5 Mg),10's,0.0
2017,2792,Atenolol + Losartan Tablet (50/50 Mg),10's,0.0
2018,2793,Atenolol + Nifedipine Tablet (50/20 Mg),10's,0.0
2019,2794,Atomoxetine Tablet (10 Mg),10's,0.0
2020,2795,Azelaic Acid 20% Cream,15GM,0.0
2021,2796,Benidipine + Telmisartan Tablet (4/40 Mg),15's,0.0
2022,2797,Benzoyl Peroxide 5% Soap,75GM,0.0
2023,2798,Benzoyl Peroxide Gel 5%,15GM,0.0
2024,2799,Buspirone Tablet (10 Mg),10's,0.0
2025,2800,Buspirone Tablet (5 Mg),10's,0.0
2026,2801,Carbetocin Injection 100mcg /ml,1ML,0.0
2027,2802,Clonazepam + Propranolol Tablet (0.25/10 Mg),10's,0.0
2028,2803,Clonazepam + Propranolol Tablet (0.25/20 Mg),10's,0.0
2029,2804,Clonazepam + Propranolol Tablet (0.5/20 Mg) Combo pack of,10's,0.0
2030,2805,"Vitamin C Injection IP and Vitamin B12, Folic acid and Niacinamide",1's,0.0
2031,2806,injection Enzalutamide Tablet 40Mg,28's in Bottle,0.0
2032,2807,Filgrastim injection 300mcg,1ML Vial,0.0
2033,2808,Flecanide Tablets 100Mg,10's,0.0
2034,2809,Flecanide Tablets 50Mg,10's,0.0
2035,2810,Fluoxetine 10 Mg Tablet,10's,0.0
2036,2811,Fluoxetine Capsules 60Mg,10's,0.0
2037,2812,Gliclazide + Pioglitazone + Metformin Tablet (30/15/500 Mg),10's,0.0
2038,2813,Gliclazide + Pioglitazone + Metformin Tablet (60/15/500 Mg),10's,0.0
2039,2814,Glycolic Acid Cream 12%,30GM,0.0
2040,2815,Glycolic Acid Cream 6%,30GM,0.0
2041,2816,Glycopyrrolate Tablet 1Mg,10's,0.0
2042,2817,Glycopyrrolate Tablet 2Mg,10's,0.0
2043,2818,Halobetasol & Fusidic Acid Cream 0.05/2% Human,10GM,0.0
2044,2819,"Papillomavirus Quadrivalent (Types 0.5 ml 6, 11, 16, And 18) Vaccine,",in 1 prefilled syringe,0.0
2045,2820,Recombinant Ibrutinib Capsule 140 Mg,30's in Bottle,0.0
2046,2821,Imipramine + Diazepam Tablet (25/2 Mg),10's,0.0
2047,2822,Imipramine + Diazepam Tablet (25/5 Mg),10's,0.0
2048,2823,Testosterone Enanthate Injection 250mg per 1 ml,1 ML,0.0
2049,2824,Lenvatinib Capsules IP 4Mg,10's bottle,0.0
2050,2825,Levetiracetam Tablets IP 500 Mg XR,10's,0.0
2051,2826,Losartan + Chlorthalidone Tablet (25/6.25 Mg),10's,0.0
2052,2827,Losartan + S- Amlodipine Tablet (50/2.5 Mg),10's,0.0
2053,2828,Melatonin + Zolpidem Tablet (3/10 Mg),10's,0.0
2054,2829,Melatonin + Zolpidem Tablet (3/5 Mg),10's,0.0
2055,2830,Methylphenidate Tablet 10Mg,10's,0.0
2056,2831,Methylphenidate Tablet 18Mg,10's,0.0
2057,2832,Methylphenidate Tablet 20Mg,10's,0.0
2058,2833,Methylphenidate Tablet 5Mg,10's,0.0
2059,2834,Metoprolol + Chlorthalidone Tablet (25/6.25 Mg),10's,0.0
2060,2835,Metoprolol + Chlorthalidone Tablet (50/12.5 Mg),10's,0.0
2061,2836,Metoprolol + Chlorthalidone Tablet (50/6.25 Mg),10's,0.0
2062,2837,Minoxidil 5Mg Tablet,10's,0.0
2063,2838,Naltrexone 50Mg Tablets,10's,0.0
2064,2839,Nimodipine Tablet (30 Mg) Olmesartan +,10's,0.0
2065,2840,Amlodipine + Chlorthalidone Tablet (40/5/12.5 Mg),10's,0.0
2066,2841,Olmesartan + Metoprolol Tablet (20/25 Mg),10's,0.0
2067,2842,Olmesartan + Metoprolol Tablet (20/50 Mg),10's,0.0
2068,2843,Opipramol Dihydrochloride Tablets (50 Mg),10's,0.0
2069,2844,Opipramol Tablet (50 Mg),10's,0.0
2070,2845,Orlistat Capsules 60Mg,10's,0.0
2071,2846,Perampanel Tablet (2 Mg),10's,0.0
2072,2847,Perampanel Tablet (4 Mg),10's,0.0
2073,2848,Pioglitazone + Glimepiride Tablet (15/2 Mg),10's,0.0
2074,2849,Polmacoxib 2 Mg Capsules,10's,0.0
2075,2850,Rosuvastatin + Cholecalciferol Tablet (10 Mg/1000 IU),10's,0.0
2076,2851,Rosuvastatin + Ezetimibe Tablet (10/ 10Mg),10's,0.0
2077,2852,Rosuvastatin + Ezetimibe Tablet (20/ 10Mg),10's,0.0
2078,2853,Rosuvastatin 20Mg And Clopidogrel 75Mg Capsules,10's,0.0
2079,2854,Safinamide Tablet (50 Mg),10's,0.0
2080,2855,S-Amlodipine + Hydrochlorothiazide Tablet (2.5/12.5 Mg),10's,0.0
2081,2856,Sitagliptin + Pioglitazone + Metformin Tablet (100/15/500 Mg),10's,0.0
2082,2857,S-Metoprolol + S- Amlodipine Tablet (25/2.5 Mg),10's,0.0
2083,2858,S-Metoprolol + S- Amlodipine Tablet (25/5 Mg),10's,0.0
2084,2859,S-Metoprolol + Telmisartan Tablet (25/ 20Mg),10's,0.0
2085,2860,Telmisartan + Indapamide Tablet (40/1.5 Mg),10's,0.0
2086,2861,Telmisartan + Rosuvastatin Tablet (40/10 Mg),10's,0.0
2087,2862,Telmisartan + S- Amlodipine Tablet (40/2.5 Mg),15's,0.0
2088,2863,Telmisartan + S- Amlodipine Tablet (40/5 Mg),15's,0.0
2089,2864,Tianeptine Tablet (12.5 Mg),10's,0.0
2090,2865,Tofisopam Tablet (50 Mg),10's,0.0
2091,2866,Trifluoperazine + Trihexyphenidyl Tablet (2.5/1 Mg),10's,0.0
2092,2867,Trifluoperazine + Trihexyphenidyl Tablet (5/2 Mg),10's,0.0
2093,2868,Voglibose + Metformin + Gliclazide Tablet (0.2/500/80 Mg),10's,0.0
2094,2869,Voglibose + Metformin + Gliclazide Tablet (0.3/500/80 Mg),15's,0.0
2095,2870,Cefepime 250 Mg 1.0 Injection Inection,in 1 vial,0.0
2096,2871,Cefepime 1000Mg and Tazobactam 1.0 Injection 125Mg Injection,in 1 vial,0.0
2097,2872,Ciclesonide (200Mcg) + Formoterol (6Mcg) + 200 MDI Tiotropium (9Mcg) Inhaler,in 1 packet,0.0
2098,2873,Dolutegravir (50 Mg) + Emtricitabine (200 Mg) + Tenofovir Alafenamide (25 Mg) Tablets,30's in Bottle,0.0
2099,2874,Dolutegravir (50Mg) + Lamivudine (300Mg) + Tenofovir Disoproxil Fumarate,30's in Bottle,0.0
2100,2875,(300Mg) Tablets Ketoprofen 30 Mg Patch,7's pack,0.0
2101,2876,Lamivudine 100 Mg Tablets,10's,0.0
2102,2877,Levetiracetam 5.0 (100Mg) Injection,ml in 1 vial,0.0
2103,2878,Levetiracetam 500 5.0 Mg Injection,ml in 1 vial,0.0
2104,2879,Magnesium Sulphate Injection 2 50%,ml/ 1 Vial,0.0
2105,2880,Minocycline (100Mg) Modified Release Capsule,10's,0.0
2106,2881,Minocycline (45Mg) Extended Release Tablet,10's,0.0
2107,2882,Minocycline (50Mg) Tablet,10's,0.0
2108,2883,Minocycline (65Mg) Extended Release Tablet,10's,0.0
2109,2884,Minocycline 100 Mg Tab,10's,0.0
2110,2885,Mosapride (5Mg) + Dimethicone (125Mg) Chewable Tablet,10's,0.0
2111,2886,Mosapride Citrate 5 Mg Tablet,10's,0.0
2112,2887,Nifedipine 5Mg Capsule,10's,0.0
2113,2888,Olopatadine 5 Mg Tab,10's,0.0
2114,2889,Pantoprazole (40 Mg) + Mosapride (15 Mg) Tablet,10's,0.0
2115,2890,Phenobarbitone 200mg/1ml Injection,10 ml /vial,0.0
2116,2891,Phenobarbitone Sodium 20mg per 5ml Syrup,100 ml,0.0
2117,2892,Prednisolone 60 (15Mg/5Ml) Syrup,ml / 1 Bottle,0.0
2118,2893,Prednisolone Dispersible Tablet (20Mg),15's,0.0
2119,2894,Prednisolone Tablet (40Mg),10's,0.0
2120,2895,Rabeprazole (20 Mg) + Mosapride (15Mg) Tablet,10's,0.0
2121,2896,Rupatadine (10Mg) + Montelukast (10Mg) Tablet,10's,0.0
2122,2897,Rupatadine 10 Mg Tab,10's,0.0
2123,2898,Sumatriptan 50 Mg Tablets,10's,0.0
2124,2899,Terazosin (1Mg) Tab,10's,0.0
2125,2900,Terazosin (2Mg) Tab,10's,0.0
2126,5001,Absorbent Cotton Wool IP 75 g,1's,27.19
2127,5002,Absorbent Cotton Wool IP 200 g,1's,63.75
2128,5003,Absorbent Cotton Wool IP 500 g,1's,161.25
2129,5004,Crepe Bandage B.P. 15 cm x 4 M,1's,51.57
2130,5005,Crepe Bandage B. P.10 cm x 4 M,1's,33.75
2131,5006,Cotton Bandage 7.5 cm x 4 M,1's,14.07
2132,5007,Cotton Bandage 10 cm x 4 M,1's,18.75
2133,5008,Cotton Bandages(Non Sterile) 15 cm x 4 M,1's,28.13
2134,5009,Janaushadhi Suraksha (Adhesive Bandages Washproof),1's,0.94
2135,5010,Syringe 2 ml with needle 24G,1's,2.35
2136,5011,Syringe 5 ml with needle 24G,1's,2.82
2137,5012,Syringe 10 ml with needle 21G,1's,4.22
2138,5013,Syringe 20 ml with needle 23G,1's,8.44
2139,5014,Needle 16G,1's,1.88
2140,5015,Needle 18G,1's,1.41
2141,5016,Needle 23G,1's,0.94
2142,5017,Needle 26G half inch,1's,1.41
2143,5019,Paper Adhesive Plaster 1 inch X 9m,1's,23.44
2144,5020,Paper Adhesive Plaster 2 inch X 9m,1's,51.57
2145,5021,Paper Adhesive Plaster 3 inch X 9m,1's,75.0
2146,5022,Plaster of Paris BP Bandages 15cm X 2.7m / Roll,1's,79.69
2147,5023,Plaster of Paris BP Bandages 10cm X 2.7m / Roll,1's,56.25
2148,5024,Scalp Vein Set (Disposable) (18G),1's,6.57
2149,5025,Scalp Vein Set (Disposable) (20G),1's,6.57
2150,5026,Scalp Vein Set (Disposable) (22G),1's,6.57
2151,5027,Scalp Vein Set (Disposable) (24G),1's,6.57
2152,5030,"Surgical Blade, 22, Sterilized",1's,3.75
2153,5033,"Surgical Blade, 15, Sterilized",1's,3.75
2154,5037,"I.V Cannula (Sterile, Disposable), 26 G",1's pack,15.94
2155,5039,Sterile Disposable Spinal Needle 22G x 3 ½ inch,1's,51.57
2156,5040,Sterile Disposable Spinal Needle 25G x 3 ½ inch,1's,51.57
2157,5041,"Urine Collecting Bag, Disposable, 2000ml",1's pack,30.0
2158,5046,"Endotracheal Tube Plain, 2.5, Sterile, Single use",1's,32.82
2159,5047,"Endotracheal Tube Plain, 3, Sterile, Single use",1's,32.82
2160,5048,"Endotracheal Tube Plain, 3.5, Sterile, Single use",1's,32.82
2161,5049,"Endotracheal Tube Plain, 4, Sterile, Single use",1's,32.82
2162,5050,"Endotracheal Tube Plain, 4.5, Sterile, Single use",1's,32.82
2163,5051,"Endotracheal Tube Plain, 5, Sterile, Single use",1's,32.82
2164,5052,"Endotracheal Tube Plain, 8.5, Sterile, Single use",1's,37.5
2165,5053,"Endotracheal Tube Cuffed, 4",1's,75.0
2166,5054,"Endotracheal Tube Cuffed, 4.5",1's,70.32
2167,5055,"Endotracheal Tube Cuffed, 5",1's,65.63
2168,5056,"Endotracheal Tube Cuffed, 6",1's,65.63
2169,5057,"Endotracheal Tube Cuffed, 6.5",1's,65.63
2170,5058,"Endotracheal Tube Cuffed, 7",1's,65.63
2171,5059,"Endotracheal Tube Cuffed, 7.5",1's,65.63
2172,5060,"Endotracheal Tube Cuffed, 8",1's,65.63
2173,5061,"Endotracheal Tube Cuffed, 8.5",1's,65.63
2174,5062,"Endotracheal Tube Cuffed, 9",1's,65.63
2175,5064,"Tracheostomy Tube (PVC), Sterilised, single use Size-24",1's,206.25
2176,5065,"Abdominal Drainage Kit, Sterile (2000ml, 24 Graduate)",1's,93.75
2177,5066,"Abdominal Drainage Kit, Sterile (2000ml, 28 Graduate)",1's,93.75
2178,5067,Corrugated Drainage Sheet,1's,26.0
2179,5070,Sterilized Umbilical Cotton Tape 3mm x 75cm,1's,39.38
2180,5071,"Bone Wax, Sterilised",1's,45.0
2181,5073,Crepe Bandage B.P. 6 cm x 4 M,1's,22.5
2182,5077,Rapid Diagnostic Malaria Test Kit,1's mono-carton,25.32
2183,5078,Dengue Test Kit,1's mono-carton,42.19
2184,5079,Janaushadhi Ankur (HCG- Pregnancy Test Kit),1's,18.75
2185,5094,Sterile Gauze Pad size 2X2,1's,6.57
2186,5095,Sterile Gauze Pad size 3X3,1's,7.5
2187,5096,Sterile Gauze Pad size 4X4,1's,8.44
2188,5097,Alcohol Swab (Spirit Swab),1's,0.94
2189,6001,"Surgical Rubber Gloves-Disposable, Sterile, 6.5 inch",PAIR,18.75
2190,6002,"Surgical Rubber Gloves-Disposable, Sterile, 7 inch",PAIR,18.75
2191,6003,"Surgical Rubber Gloves-Disposable, Sterile, 7.5 inch",PAIR,18.75
2192,6004,"Surgical Rubber Gloves-Disposable, Sterile, 8 inch",PAIR,18.75
2193,6006,"Rubber Examination Gloves, Non-sterile (Small)",1's,3.29
2194,6007,"Rubber Examination Gloves, Non-sterile (Medium)",1's,3.61
2195,6009,"Surgical Cap, Disposable(for Surgeons/Nurses)",1's,2.0
2196,6010,Suction Catheter FG 5,1's,13.13
2197,6011,"Suction Catheter FG (6), 50 cm, Sterilized",1's,6.57
2198,6012,"Suction Catheter FG (8), 50 cm, Sterilized",1's,6.57
2199,6013,"Suction Catheter FG (10), 50 cm, Sterilized",1's,7.5
2200,6014,"Suction Catheter FG (12), 50 cm, Sterilized",1's,7.5
2201,6015,"Suction Catheter FG (14), 50 cm, Sterilized",1's,8.44
2202,6016,"Suction Catheter FG (16), 50 cm, Sterilized",1's,9.38
2203,6017,"Suction Catheter FG (18), 50 cm, Sterilized",1's,9.38
2204,6018,"Suction Catheter FG (20), 50 cm, Sterilized Sterile Catheter",1's,10.32
2205,6020,"Single Use for Urinary Drainage (Foley Balloon Catheter), 2 way (8FG)",1's,60.94
2206,6021,"Sterile Catheter Single Use for Urinary Drainage (Foley Balloon Catheter), 2 way (10FG)",1's,60.94
2207,6022,"Sterile Catheter Single Use for Urinary Drainage (Foley Balloon Catheter), 2 way (16FG)",1's,37.5
2208,6023,"Sterile Catheter Single Use for Urinary Drainage (Foley Balloon Catheter), 2 way (18FG)",1's,37.5
2209,6024,"Sterile Catheter Single Use for Urinary Drainage (Foley Balloon Catheter), 2 way (20FG)",1's,37.5
2210,6025,"Sterile Catheter Single Use for Urinary Drainage (Foley Balloon Catheter), 2 way (22FG)",1's,37.5
2211,6026,"Sterile Catheter Single Use for Urinary Drainage (Foley Balloon Catheter), 2 way",1's,37.5
2212,6027,"(24FG) Infant Feeding Tube, Sterile (Size-10 Fg, length 50 cm)",1's,9.38
2213,6028,"Infant Feeding Tube, Sterile (Size-8 Fg, length 50 cm)",1's,9.38
2214,6029,"Infant Feeding Tube, Sterile (Size-5 Fg, length 50 cm) Sterile Disposable",1's,9.38
2215,6030,Perfusion set with airway and needle adult use 150cm long smooth kink resist,1's,12.19
2216,6031,Sterile Disposable Infusion set with Microdrip (I.V.) (Pediatric use),1's,51.57
2217,6032,Sterile Disposable Infusion set with Microdrip (I.V.) (Adult use),1's,14.07
2218,6033,Insulin Syringe (40 units) with 30G needle,1's,4.69
2219,6035,"I.V Cannula (Sterile, Disposable), 18 G",1's,14.07
2220,6036,"I.V Cannula (Sterile, Disposable), 20 G",1's,14.07
2221,6037,"I.V Cannula (Sterile, Disposable), 22 G",1's,14.07
2222,6038,"I.V Cannula (Sterile, Disposable), 24 G",1's,14.07
2223,6039,"Nasal Oxygen Cannula set, Twin bore (Adult)",1's,28.13
2224,6040,"Absorbent Gelatin Sponge, Sterilized (80mm x 50mm x 10mm)",1's,93.75
2225,6042,Blood Transfusion Set with Filter 170 Micron,1's,16.88
2226,6045,Ryles Tube/Nasogastric Tube (Size 10),1's,10.32
2227,6046,Ryles Tube/Nasogastric Tube (Size 12),1's,10.32
2228,6047,Ryles Tube/Nasogastric Tube (Size 14),1's,10.32
2229,6048,Ryles Tube/Nasogastric Tube (Size 16),1's,10.32
2230,6049,Ryles Tube/Nasogastric Tube (Size 18),1's,10.32
2231,6050,Knee Cap (Small),Pair,120.0
2232,6051,Knee Cap (Medium),Pair,120.0
2233,6052,Knee Cap (Large),Pair,120.0
2234,7001,Hot Water Bag (Small),1's,160.0
2235,8001,"Chromic Suture (3/8 Cir Rb Needle 40mm, Length 76 cm)",1's,42.19
2236,8002,"Chromic Suture (1/2 Cir Rb Needle 20mm, Length 76 cm)",1's,75.0
2237,8003,"Chromic Suture (1/2 Cir Rb Needle 30mm, Length 76 cm)",1's,42.19
2238,8005,"Chromic Suture (1/2 Cir Rb Needle 40mm, Length 76 cm)",1's,42.19
2239,8006,"Chromic Suture (3/8 Cir Rb Needle 30mm, Length 76 cm)",1's,42.19
2240,8007,"Chromic Suture (1/2 Cir Rb Needle 45mm, Length 100 cm)",1's,46.88
2241,8012,"Surgical Suture (Absorbable, Synthetic) 1/2 Cir Rb, Niddle 20mm, Length 70cm",1's,46.88
2242,8013,"Surgical Suture (Absorbable, Synthetic) 1/2 Cir Rb, Niddle 30mm, Length 90cm, USP- 2/0",1's,42.19
2243,8014,"Surgical Suture (Absorbable, Synthetic) 1/2 Cir Rb, Niddle 30mm, Length 90cm, USP- 1/0",1's,51.57
2244,8015,"Surgical Suture (Absorbable, Synthetic) 1/2 Cir Rb, Tapercut Niddle 40mm, Length 90cm",1's,220.32
2245,8019,"Surgical Suture (Absorbable, Synthetic) 1/2 Cir Rb, Niddle 40mm, Length 90cm, USP- 2/0",1's,220.32
2246,8021,"Surgical Suture (Absorbable, Synthetic) 3/8 Cir Rb, cutting Niddle 22mm, Length 45cm",1's,37.5
2247,8022,"Surgical Suture (Absorbable, Synthetic) 1/2 Cir Rb, Niddle 20mm, Length 70cm, USP 4/0",1's,42.19
2248,8023,"Silk Suture (1/2 Cir Rb needle 20mm, Length 76 cm), USP-3/0 Silk Suture (3/8",1's,28.13
2249,8024,"Circle Reverse cutting needle 26mm, Length 76 cm), Silk Suture (3/8 Circle Reverse cutting needle 26mm, Length 76",1's,28.13
2250,8025,"cm), USP3/0 Silk Suture (3/8 Circle Reverse cutting needle 45mm, Length 76 cm), USP 2/0",1's,28.13
2251,8026,"Silk Suture (3/8 Cir Rb needle 20mm, Length 76 cm) USP 2/0,",1's,51.57
2252,8027,"Silk Suture (3/8 Cir Rb needle 16mm, Length 76 cm), USP 4/0",1's,32.82
2253,8028,"Polyamide (3/8 Cir Micropoint Spatulated,6mm,len gth 38 Cm) size 8/0",1's,328.13
2254,8029,"Polyamide (3/8 Conventional Cutting Needle 16mm Length 70 cm), USP 3/0 Polyamide (3/8",1's,28.13
2255,8030,"Conventional Cutting Needle 19mm Length 60 cm), Polyamide (3/8 Conventional Cutting Needle 19mm Length 60",1's,56.25
2256,8031,"cm), USP 4/0 Polyamide (3/8 Cir Slim Blade Cutting Needle 15mm, Length 70 Cm)size 5/0",1's,65.63
2257,8032,"Polyamide (3/8 R Cutting Needle 45mm, Length 70 Cm.)size 2./0",1's,26.25
2258,8034,"Polyamide (3/8 Cutting Edge Needle, Double Arms Needle 6 mm, Suture Length 35-42 Cm 10/0",1's,403.13
2259,8035,"Polypropylene Suture (1/2 Cir Rb, 13mm Needle, Suture Length 75cm, double arm), USP 5/0",1's,187.5
2260,8036,"Polypropylene Suture (3/8 Cir Rb, 8mm Needle, Suture Length 60cm), USP 7/0",1's,112.5
2261,8038,"Polypropylene Suture (3/8 Cir Rb, 16mm Needle, Suture Length 70cm), USP 5/0",1's,42.19
2262,8039,"Polypropylene Suture (1/2 Cir Rb, 30mm Needle, Suture Length 90cm), USP 2/0 Polypropylene",1's,46.88
2263,8040,"Suture (1/2 Cir Rb, 45mm Needle, Suture Length 90cm), Polypropylene Suture (1/2 Cir Rb, 45mm Needle, Suture Length",1's,56.25
2264,8041,"90cm), USP 1 Polypropylene Suture (1/2 Cir Rb, 17mm Needle, Suture Length 90cm), USP 4/0",1's,46.88
2265,8042,"Polypropylene Suture (1/2 Tapercut, 17mm Double Needle, Suture Length 70cm), USP3/0",1's,79.69
2266,8043,"Polypropylene Suture (1/2 Cir Rb, 25mm Needle, Suture Length 90cm), USP 3/0",1's,46.88
2267,8044,"Polypropylene Suture (1/2 Cir Rb, 30mm Needle, Suture Length 90cm) double arm, USP 1/0",1's,65.63
2268,8045,"Polypropylene Suture (1/2 Tapercut, 17mm Double Needle, Suture Length 75cm) double arm, USP 5/0",1's,243.75
2269,8046,"Polypropylene Suture (1/2 Tapercut, 25mm Double Needle, Suture Length 90cm) double arm, USP 1/0",1's,201.57
2270,8048,"Polypropylene Suture (3/8 Cir Rb, 13mm Needle, Suture Length 90cm) double arm, USP 6/0",1's,229.69
2271,8051,"Polypropylene Suture (1/2 Cir Rb, 40mm Needle, Suture Length 90cm), USP 1",1's,51.57
2272,8052,"Polypropylene Suture (1/2 Cir Rb, Reverse Cutting, 45mm Needle, Suture Length 100cm), USP 1",1's,51.57
2273,8053,"Polypropylene Suture (3/8 Cir Rb 8mm Double Needle, Suture Length 70cm), USP 8/0",1's,112.5
2274,8055,"Polypropylene Suture (1/2 Cir Rb 13mm Needle, Suture Length 70cm, double arm), USP 6/0",1's,239.07
2275,8056,"Polypropylene Suture (1/2 Circle, Tapercut, 17mm Needle, Suture Length 90cm, double arm), USP 3/0",1's,65.63
2276,8057,"Polypropylene Suture (1/2 Cir Rb, 25mm Needle, Suture Length 75cm, double arm), USP 3/0",1's,60.94
2277,8058,"Polybutylate / Silicon Coated Polyster Braided Green / Blue (1/2 Cir Tapercut, 17 Mm Double Needle, Suture Length 75 Cm)size 4/0",1's,79.69
2278,8059,"Polybutylate Coated Polyster Braided White (1/2 Cir Tapercut, 17 Mm Double Needle, Suture Length 90 Cm)size 2/0",1's,79.69
2279,8060,"Polybutylate / Silicon Coated Polyster Braided Green / Blue (1/2 Cir Tapercut,17 Mm Double Needle, Suture Length 90 Cm)size 2/0,",1's,79.69
2280,8061,"Polybutylate Coated with Polyster Braided (green/ Blue) 1/2 Circle Tapercut, 17mm Double Armed Needle, Suture Length of 90cm with Pledgets 6 x 3 x 1.5mm",1's,239.07
2281,8062,"Polybutylate Coated with Polyster Braided (green/ Blue) 1/2 Circle Tapercut, 25mm Double Armed Needle, Suture Length of 90cm with Pledgets 6 x 3",1's,239.07
2282,8066,"x 1.5mm Polyglecaprone/Poly glyconate Suture (1/2 Circle Cutting 16mm Needle, Suture length 70cm), USP 4/0",1's,131.25
2283,8067,"Polyglecaprone/Poly glyconate Suture (3/8 Circle Cutting 25mm Needle, Suture length",1's,60.94
2284,8078,"70cm), USP 3/0 Skin Grafting Knife Blade (Sterile)",1's,84.38
2285,8080,"Surgical Face Mask, Disposable",1's,2.0
2286,8082,Umbilical Catheter (For New Born),1's,56.25
2287,8087,Automatic Snap-Out Folding Walking Cane Stick with Adjustable Length,1's,0.0
2288,8088,Walking Stick Tripod,1's,540.0
2289,8089,"Abdominal Belt Velcro, Cream color (Large)",1's,240.0
2290,8090,"Abdominal Belt Velcro, Cream color (Small)",1's,240.0
2291,8091,"Abdominal Belt Velcro, Cream color (Medium)",1's,240.0
2292,8092,"Abdominal Belt Velcro, Cream color (XL)",1's,250.0
2293,8093,"Abdominal Belt Velcro, Cream color (XXL)",1's,250.0
2294,8099,Cervical Collar (Small),1's,120.0
2295,8100,Cervical Collar (Medium),1's,120.0
2296,8101,Cervical Collar (Large),1's,120.0
2297,8102,Cervical Collar (Extra Large),1's,120.0
2298,8103,Thumb and Wrist brace (Small),1's,90.0
2299,8104,Thumb and Wrist brace (Medium),1's,90.0
2300,8105,Thumb and Wrist brace (Large),1's,90.0
2301,8106,Thumb and Wrist brace (Extra Large),1's,90.0
2302,8107,Janaushadhi Swabhiman (Adult Diaper (Medium)),5's,121.88
2303,8108,Janaushadhi Swabhiman (Adult Diaper (Large)),5's,131.25
2304,8109,Janaushadhi Swabhiman (Adult Diaper (XL)),5's,150.0
2305,8110,Janaushadhi Bachpan (Baby Diaper (Small)),5's,28.13
2306,8111,Janaushadhi Bachpan (Baby Diaper (New Born)),5's,28.13
2307,8113,Hernia Belt (Small),1's mono-carton,180.0
2308,8114,Knee Brace Belt (Medium),1's mono-carton,525.0
2309,8115,Knee Brace Belt (Large),1's mono-carton,525.0
2310,8116,IV Cannula Fixator (Medium 6cm x 5cm),1's pack,9.38
2311,8117,"Cervical Pillow (polyester, PU foam)",1's mono-carton,500.0
2312,8120,"Lancets, Round 50 Sterile, 28G",pcs/Box,37.5
2313,8121,Glucometer Test Strip GLUCOMETER,25 Strips,210.94
2314,8122,"DIGITAL (1 glucometer, 25 strips, 25 lancets,1 lancing device,1 battery 3V, Warranty",1 Kit,492.19
2315,8123,card) Adhesive Surgical Paper Tape 5cmx5m,1's,24.38
2316,8124,Adhesive Surgical Paper Tape 2.5cmx5m,1's,12.19
2317,8125,Adhesive Surgical Paper Tape 1.25cmx5m,1's,6.57
2318,8126,Pollution Control Mask/Nanofiber Mask: made up of high efficiency nanofiber material,1's Monopack,56.25
2319,8127,with non ret Nebulizer Mask with Tubing,1's pack,56.25
2320,8128,Medical Digital Thermometer,1's mono-carton,88.99
2321,8130,Manual breast pump,1's Monopack,600.0
2322,8131,Plastic Urine Pot collector (For both Male & Female),1's,46.88
2323,8132,Plastic Bedpan Digital Blood,1's,65.63
2324,8133,Pressure Instrument ( 100% mercury,1's Monopack,937.5
2325,8134,free) Ice bag,1's,20.0
2326,8135,Breathing Exerciser (3 Chambers),1's Monopack,150.0
2327,8136,Elecrical Nebulizer Machine Janaushadhi,1's Monopack,750.0
2328,8140,Suvidha (Oxo- Biodegradable Pack Sanitary Napkins Regular with wings),of 4 Sanitary Napkins,4.0
2329,8141,Janaushadhi Suvidha (Oxo- Biodegradable Pack Sanitary Napkins Large with wings),of 4 Sanitary Napkins,12.0
2330,8142,Janaushadhi Suvidha (Oxo- Biodegradable Pack Sanitary Napkins Extra Large (XL) with wings),of 4 Sanitary Napkins,15.0
2331,8145,Janaushadhi Suvidha (Oxo- Biodegradable Pack Sanitary Napkin regular size with,of 10 Sanitary Napkins,10.0
2332,8146,wings) Baby Feeding Bottle 250 ml,1's mono-carton,42.19
2333,8147,N-95 Mask with Expiratory Valve,1's Mono-pack,30.0
2334,8148,N-95 Mask without Expiratory Valve,1's Mono-pack,25.0
2335,8150,3-way stopcock with 10 cm extension line,1's,28.13
2336,8151,"Adhesive wound dressings, 25cm x 10cm",1's,18.75
2337,8153,"Arm Sling Pouch (Large), Grey",1's,130.0
2338,8154,"Arm Sling Pouch (Medium), Grey",1's,130.0
2339,8155,Baby Wipes (Pack Pack of 20 wipes),of 20 wipes,45.0
2340,8156,Bed Bath Towel,1's,55.0
2341,8158,Chlorhexidine Gauze Dressing B.P 1 10cmx10cm (Sterile),pc in a pack,11.25
2342,8160,Disposable Plastic Hand Gloves (Free size),Pair,3.0
2343,8161,Elastic gauze bandages 10cm,1's,178.13
2344,8162,Elastic gauze bandages 7.5cm,1's,140.63
2345,8167,Karman cannula 4 mm,1's,37.5
2346,8168,Lumbar Spinal Brace (Grey),1's,770.0
2347,8169,Magnetic Posture Corrector Back Support Belt -,1's,580.0
2348,8172,Posture Fit Pulse Oximeter,1's,464.07
2349,8177,Specican 30 ml,1's,8.0
2350,8178,Surgical Cap,1's,3.0
2351,8179,Surgical shoe cap,1's,4.0
2352,8181,Transparent film dressings (Sterile) 10cm X 12cm,1's,60.94
2353,8182,Vein Compression Stocking Knee length (Extra Large),1's,130.0
2354,8183,Vein Compression Stocking Knee length (Large),1's,140.0
2355,8184,Vein Compression Stocking Knee length (Medium),1's,140.0
2356,8185,Vein Compression Stocking Knee length (Small),1's,140.0
2357,8186,Vein Compression Stocking Knee length (XXL),1's,140.0
2358,8187,Vein Compression Stocking Thigh length (Extra Large),1's,170.0
2359,8188,Vein Compression Stocking Thigh length (Large),1's,170.0
2360,8189,Vein Compression Stocking Thigh length (Medium),1's,170.0
2361,8190,Vein Compression Stocking Thigh length (Small),1's,170.0
2362,8191,Vein Compression Stocking Thigh length (XXL),1's,180.0
2363,8192,Zig zag cotton,100 gm,47.44
2364,8193,Covid 19 Self- Testing Kit (ICMR One Approved),in Monopack,196.88
2365,8194,Pack Cotton Balls,of 100 in a Zip Lock Bag,90.0
2366,8195,Cotton Pads Pack (Round),of 50 in a Zip Lock Bag,46.88
2367,8196,Heating Pad 1’s in (Electrical),Mono Carton,0.0
2368,8197,Exercise Ball 1’s in (Universal Size),Mono Carton,0.0
2369,8198,Maternity Sanitary Pack Pads Janaushadhi,of 5 Napkins,68.25
2370,8199,Suvidha (Oxo- Biodegradable Pack Sanitary Napkins Regular With,of 5 Sanitary Napkins,5.0
2371,9000,Wings) Reusable Menstrual One Cup (Small),in Mono-Pack,175.0
2372,9001,Reusable Menstrual One Cup (Medium),in Mono-Pack,180.0
2373,9002,Reusable Menstrual One Cup (Large),in Mono-Pack,185.0
2374,9003,Female Natural Three Latex Condom,in Mono-Pack,115.0
2375,9004,Janaushadhi Kavach (Male Latex Three Condom (Plain)),in Mono-Pack,12.0
2376,9005,Janaushadhi Kavach (Male Latex Three Condom (Extra Thin)),in Mono-Pack,12.0
2377,9006,Janaushadhi Kavach (Male Latex Three Condom (Normal Dot)),in Mono-Pack,12.0
2378,9007,Janaushadhi Kavach (Male Latex Three Condom (1740 Dot)),in Mono-Pack,15.0
2379,9008,Janaushadhi Kavach (Male Latex Three Condom (Ribbed)),in Mono-Pack,15.0
2380,9009,Janaushadhi Kavach (Male Latex Three Condom (Three In One)),in Mono-Pack,12.0
2381,9010,Medicated Corn Four Remover,Strips in Mono- Pack,0.0
2382,9011,Perforated Plaster Five Lumbo-Sacral,in Mono-Pack,0.0
2383,9012,Support Belt (Waist One and Back Support) (Small),in Mono-Pack,370.0
2384,9013,Lumbo-Sacral Support Belt (Waist One and Back Support) (Medium),in Mono-Pack,375.0
2385,9014,Lumbo-Sacral Support Belt (Waist One and Back Support) (Large),in Mono-Pack,380.0
2386,9015,Lumbo-Sacral Support Belt (Waist One and Back Support) (Extra Large),in Mono-Pack,385.0
2387,9016,Lumbo-Sacral Support Belt (Waist and Back Support) One (Double Extra,in Mono-Pack,390.0
2388,9017,Large) Anklet (Tubular Pair Support) (Small),in Mono-Pack,150.0
2389,9018,Anklet (Tubular Pair Support) (Medium),in Mono-Pack,150.0
2390,9019,Anklet (Tubular Pair Support) (Large),in Mono-Pack,155.0
2391,9020,Anklet (Tubular Support) (Extra Pair Large),in Mono-Pack,155.0
2392,9021,Elbow Support Pair (Small),in Mono-Pack,140.0
2393,9022,Elbow Support Pair (Medium),in Mono-Pack,140.0
2394,9023,Elbow Support Pair (Large),in Mono-Pack,150.0
2395,9024,Elbow Support Pair (Extra Large),in Mono-Pack,150.0
2396,9025,Combined Dressing Five in Pad (10X10Cm),Mono-Pack X 100,28.13
2397,9026,Combined Dressing Five Pad (10X20Cm) Microfine/Hypodermi,in Mono-Pack,42.19
2398,9027,c Needle for Insulin Pen Sterile Single- Ten Use Needle for Insulin Pen Needles,in Mono-Pack,0.0
2399,9028,Measurement Medical Steam One Vaporizer,in Mono-Pack,234.38
2400,9029,Digital Weighing One Scale,in Mono-Pack,0.0
2401,9030,Janaushadhi Suvidha (Oxo- Biodegradable Pack Sanitary Napkins Regular with Wings),of 10 Sanitary Napkins,30.0
2402,9031,Janaushadhi Bachpan (Baby Diaper; Pant Style; Small (3Kg - 8Kg)),10's in Mono-Pack,84.38
2403,9032,Janaushadhi Bachpan (Baby Diaper; Pant Style; Medium (6Kg - 11Kg)),10's in Mono-Pack,93.75
2404,9033,Janaushadhi Bachpan (Baby Diaper; Pant Style; Large (9Kg - 13Kg)),10's in Mono-Pack,135.94
2405,9034,Janaushadhi Swabhiman (Adult Diaper; Pant Style Small; Waist Size: 28 inch - 35 inch),10's in Mono-Pack,0.0
2406,9035,Janaushadhi Swabhiman (Adult Diaper; Pant Style Medium; Waist Size: 28 inch - 45 inch),10's in Mono-Pack,346.88
2407,9036,Janaushadhi Swabhiman (Adult Diaper; Pant Style Large; Waist Size: 38 inch - 54 inch),10's in Mono-Pack,379.69
2408,9037,Janaushadhi Swabhiman (Adult Diaper; Pant Style Extra Large; Waist Size: 48 inch - 65 inch),10's in Mono-Pack,0.0
2409,9038,Janaushadhi Bachpan (Baby Diaper; Pant Style; New Born (2Kg - 5Kg)),10's in Mono-Pack,79.69
2410,9039,Knee Cap with poly patellar ring (Large) Mono-carton,1's pair in sealed pack and in,200.0
2411,9040,Knee Cap with Patellar Ring poly (Medium) Mono-carton,1's pair in sealed pack and in,200.0
2412,9041,Knee Cap with poly Patellar Ring (Small) Mono-carton,1's pair in sealed pack and in,200.0
2413,9042,Nebulizer Mask with pack Tubing (Child),1's in sealed poly pack,0.0
2414,9043,Walker (Sit Assist- in to-stand support),1's sealed poly pack,0.0
2415,9044,Elbow Crutch in (Adjustable) 1 Cooling,"1's sealed poly pack Case, 2",0.0
2416,9045,unit Gel Insulin/Medicine 1 Cooling Case Folder,"Cool Pack, Insulin Pen and 1 Carry",0.0
2417,9046,Cervical Collar - Hard,Bag 1's,0.0
2418,9047,Range of Motion - Knee Brace,1's,0.0
2419,9048,Range of Motion - Elbow Brace,1's,0.0
2420,9049,Disposable Maternity Pad Fixator,5's in a pack,0.0
2421,9050,Non-Woven Adhesive Wound Dressing,3's in a pack,0.0
2422,9051,Finger Saperator - Hand,1 pair,0.0
2423,9052,Finger Saperator - Feet,1 pair,0.0
2424,9053,Cervical Collar - One in Hard (large),Mono-Carton,0.0
2425,9054,Disposable Maternity Pad Fixator (Extra Large),5's in a pack,0.0
2426,9055,Hydrophillic Foam Silver Wound Dressing (Non- Pack Adhesive) 5cm x,of 5 pcs,0.0
2427,9056,5cm Fibrin Sealant Kit I.P. (2inch X 4 inch),Pack of 2,0.0
2428,9057,Disposable Under Pack Sheet,of 10 pcs,0.0
2429,9058,Foldable Commode One in Stool (U - Shape),Mono-Carton,0.0
2430,9059,Pregnancy Back One in Support Belt,Mono-Carton,0.0
2431,9060,Reinforced Adhesive 1/4 Skin Closures strips,inch x 4 in 10 pack,0.0
2432,9061,Foot Elevator Pillow with Adjustable One in Hook and Loop,Mono-Carton,0.0
2433,9062,Elastic Net Fixator 2 Bandage Monopack,cm X 3 m in,0.0
2434,9063,Elastic Net Fixator 3 Bandage Monopack,cm X 3 m in,0.0
2435,9064,Elastic Net Fixator 4 Bandage Monopack,cm X 3 m in,0.0
2436,9065,Elastic Net Fixator 5 Bandage Monopack,cm X 3 m in,0.0
2437,9066,Ankle binder One in Support (Medium),Mono-Carton,0.0
2438,9067,Ankle binder One in Support (Large),Mono-Carton,0.0
2439,9068,Cotton Ear Buds 100,Ear Buds,0.0
